"","datetime","T_seaF_sf"
"1",2022-11-25 11:00:00,19.1625
"2",2022-11-25 12:00:00,19.1894
"3",2022-11-25 13:00:00,19.1696
"4",2022-11-25 14:00:00,19.1532
"5",2022-11-25 15:00:00,19.1286
"6",2022-11-25 16:00:00,19.1288
"7",2022-11-25 17:00:00,19.1364
"8",2022-11-25 18:00:00,19.1415
"9",2022-11-25 19:00:00,19.1376
"10",2022-11-25 20:00:00,19.1233
"11",2022-11-25 21:00:00,19.1262
"12",2022-11-25 22:00:00,19.1123
"13",2022-11-25 23:00:00,19.095
"14",2022-11-26 00:00:00,19.0894
"15",2022-11-26 01:00:00,19.0865
"16",2022-11-26 02:00:00,19.0869
"17",2022-11-26 03:00:00,19.0789
"18",2022-11-26 04:00:00,19.0715
"19",2022-11-26 05:00:00,19.0444
"20",2022-11-26 06:00:00,19.0234
"21",2022-11-26 07:00:00,18.9921
"22",2022-11-26 08:00:00,18.9878
"23",2022-11-26 09:00:00,18.98
"24",2022-11-26 10:00:00,18.9849
"25",2022-11-26 11:00:00,19.0475
"26",2022-11-26 12:00:00,19.0867
"27",2022-11-26 13:00:00,19.1761
"28",2022-11-26 14:00:00,19.1961
"29",2022-11-26 15:00:00,19.1816
"30",2022-11-26 16:00:00,19.1606
"31",2022-11-26 17:00:00,19.1388
"32",2022-11-26 18:00:00,19.1183
"33",2022-11-26 19:00:00,19.1125
"34",2022-11-26 20:00:00,19.0919
"35",2022-11-26 21:00:00,19.0752
"36",2022-11-26 22:00:00,19.0846
"37",2022-11-26 23:00:00,19.1136
"38",2022-11-27 00:00:00,19.1286
"39",2022-11-27 01:00:00,19.1259
"40",2022-11-27 02:00:00,19.1286
"41",2022-11-27 03:00:00,19.1028
"42",2022-11-27 04:00:00,19.0865
"43",2022-11-27 05:00:00,19.0733
"44",2022-11-27 06:00:00,19.042
"45",2022-11-27 07:00:00,19.0237
"46",2022-11-27 08:00:00,19.021
"47",2022-11-27 09:00:00,19.0241
"48",2022-11-27 10:00:00,19.0163
"49",2022-11-27 11:00:00,19.0156
"50",2022-11-27 12:00:00,19.0215
"51",2022-11-27 13:00:00,19.0292
"52",2022-11-27 14:00:00,19.0295
"53",2022-11-27 15:00:00,19.0241
"54",2022-11-27 16:00:00,19.0241
"55",2022-11-27 17:00:00,19.003
"56",2022-11-27 18:00:00,19.0241
"57",2022-11-27 19:00:00,19.0083
"58",2022-11-27 20:00:00,19.0081
"59",2022-11-27 21:00:00,19.0001
"60",2022-11-27 22:00:00,18.9898
"61",2022-11-27 23:00:00,18.9718
"62",2022-11-28 00:00:00,18.9711
"63",2022-11-28 01:00:00,18.9578
"64",2022-11-28 02:00:00,18.9453
"65",2022-11-28 03:00:00,18.9271
"66",2022-11-28 04:00:00,18.9181
"67",2022-11-28 05:00:00,18.9003
"68",2022-11-28 06:00:00,18.8844
"69",2022-11-28 07:00:00,18.8634
"70",2022-11-28 08:00:00,18.8481
"71",2022-11-28 09:00:00,18.7978
"72",2022-11-28 10:00:00,18.7689
"73",2022-11-28 11:00:00,18.7251
"74",2022-11-28 12:00:00,18.6924
"75",2022-11-28 13:00:00,18.7455
"76",2022-11-28 14:00:00,18.7295
"77",2022-11-28 15:00:00,18.6689
"78",2022-11-28 16:00:00,18.572
"79",2022-11-28 17:00:00,18.5087
"80",2022-11-28 18:00:00,18.4454
"81",2022-11-28 19:00:00,18.4117
"82",2022-11-28 20:00:00,18.3671
"83",2022-11-28 21:00:00,18.3038
"84",2022-11-28 22:00:00,18.2724
"85",2022-11-28 23:00:00,18.2489
"86",2022-11-29 00:00:00,18.2302
"87",2022-11-29 01:00:00,18.2223
"88",2022-11-29 02:00:00,18.2317
"89",2022-11-29 03:00:00,18.2271
"90",2022-11-29 04:00:00,18.2204
"91",2022-11-29 05:00:00,18.2134
"92",2022-11-29 06:00:00,18.1988
"93",2022-11-29 07:00:00,18.2092
"94",2022-11-29 08:00:00,18.1981
"95",2022-11-29 09:00:00,18.1988
"96",2022-11-29 10:00:00,18.2016
"97",2022-11-29 11:00:00,18.1825
"98",2022-11-29 12:00:00,18.1924
"99",2022-11-29 13:00:00,18.1886
"100",2022-11-29 14:00:00,18.1877
"101",2022-11-29 15:00:00,18.1805
"102",2022-11-29 16:00:00,18.1535
"103",2022-11-29 17:00:00,18.1398
"104",2022-11-29 18:00:00,18.1456
"105",2022-11-29 19:00:00,18.1323
"106",2022-11-29 20:00:00,18.1354
"107",2022-11-29 21:00:00,18.1303
"108",2022-11-29 22:00:00,18.1323
"109",2022-11-29 23:00:00,18.1433
"110",2022-11-30 00:00:00,18.1167
"111",2022-11-30 01:00:00,18.13
"112",2022-11-30 02:00:00,18.13
"113",2022-11-30 03:00:00,18.126
"114",2022-11-30 04:00:00,18.1535
"115",2022-11-30 05:00:00,18.1656
"116",2022-11-30 06:00:00,18.2145
"117",2022-11-30 07:00:00,18.2043
"118",2022-11-30 08:00:00,18.191
"119",2022-11-30 09:00:00,18.1752
"120",2022-11-30 10:00:00,18.1433
"121",2022-11-30 11:00:00,18.1589
"122",2022-11-30 12:00:00,18.1487
"123",2022-11-30 13:00:00,18.1511
"124",2022-11-30 14:00:00,18.1673
"125",2022-11-30 15:00:00,18.1639
"126",2022-11-30 16:00:00,18.1433
"127",2022-11-30 17:00:00,18.1456
"128",2022-11-30 18:00:00,18.1327
"129",2022-11-30 19:00:00,18.1229
"130",2022-11-30 20:00:00,18.129
"131",2022-11-30 21:00:00,18.13
"132",2022-11-30 22:00:00,18.1206
"133",2022-11-30 23:00:00,18.0877
"134",2022-12-01 00:00:00,18.0768
"135",2022-12-01 01:00:00,18.0744
"136",2022-12-01 02:00:00,18.0642
"137",2022-12-01 03:00:00,18.0665
"138",2022-12-01 04:00:00,18.0744
"139",2022-12-01 05:00:00,18.0824
"140",2022-12-01 06:00:00,18.0829
"141",2022-12-01 07:00:00,18.0842
"142",2022-12-01 08:00:00,18.074
"143",2022-12-01 09:00:00,18.0744
"144",2022-12-01 10:00:00,18.0851
"145",2022-12-01 11:00:00,18.0842
"146",2022-12-01 12:00:00,18.0908
"147",2022-12-01 13:00:00,18.1034
"148",2022-12-01 14:00:00,18.1671
"149",2022-12-01 15:00:00,18.1731
"150",2022-12-01 16:00:00,18.1559
"151",2022-12-01 17:00:00,18.1542
"152",2022-12-01 18:00:00,18.1431
"153",2022-12-01 19:00:00,18.1456
"154",2022-12-01 20:00:00,18.1347
"155",2022-12-01 21:00:00,18.1212
"156",2022-12-01 22:00:00,18.1245
"157",2022-12-01 23:00:00,18.1221
"158",2022-12-02 00:00:00,18.125
"159",2022-12-02 01:00:00,18.1197
"160",2022-12-02 02:00:00,18.1138
"161",2022-12-02 03:00:00,18.1088
"162",2022-12-02 04:00:00,18.1029
"163",2022-12-02 05:00:00,18.1088
"164",2022-12-02 06:00:00,18.0957
"165",2022-12-02 07:00:00,18.0961
"166",2022-12-02 08:00:00,18.0957
"167",2022-12-02 09:00:00,18.0759
"168",2022-12-02 10:00:00,18.0884
"169",2022-12-02 11:00:00,18.0877
"170",2022-12-02 12:00:00,18.0819
"171",2022-12-02 13:00:00,18.0798
"172",2022-12-02 14:00:00,18.0665
"173",2022-12-02 15:00:00,18.0685
"174",2022-12-02 16:00:00,18.0508
"175",2022-12-02 17:00:00,18.043
"176",2022-12-02 18:00:00,18.0775
"177",2022-12-02 19:00:00,18.0979
"178",2022-12-02 20:00:00,18.1006
"179",2022-12-02 21:00:00,18.092
"180",2022-12-02 22:00:00,18.0979
"181",2022-12-02 23:00:00,18.0798
"182",2022-12-03 00:00:00,18.0769
"183",2022-12-03 01:00:00,18.0908
"184",2022-12-03 02:00:00,18.0853
"185",2022-12-03 03:00:00,18.0731
"186",2022-12-03 04:00:00,18.0642
"187",2022-12-03 05:00:00,18.0359
"188",2022-12-03 06:00:00,18.0321
"189",2022-12-03 07:00:00,18.0328
"190",2022-12-03 08:00:00,18.0262
"191",2022-12-03 09:00:00,18.0297
"192",2022-12-03 10:00:00,18.0297
"193",2022-12-03 11:00:00,18.0321
"194",2022-12-03 12:00:00,18.0007
"195",2022-12-03 13:00:00,17.9929
"196",2022-12-03 14:00:00,18.0036
"197",2022-12-03 15:00:00,18.0086
"198",2022-12-03 16:00:00,18.0007
"199",2022-12-03 17:00:00,17.9952
"200",2022-12-03 18:00:00,17.9879
"201",2022-12-03 19:00:00,17.9959
"202",2022-12-03 20:00:00,18.0042
"203",2022-12-03 21:00:00,17.9905
"204",2022-12-03 22:00:00,17.9772
"205",2022-12-03 23:00:00,17.9954
"206",2022-12-04 00:00:00,17.9803
"207",2022-12-04 01:00:00,17.9772
"208",2022-12-04 02:00:00,17.9758
"209",2022-12-04 03:00:00,17.9748
"210",2022-12-04 04:00:00,17.9615
"211",2022-12-04 05:00:00,17.956
"212",2022-12-04 06:00:00,17.9482
"213",2022-12-04 07:00:00,17.9379
"214",2022-12-04 08:00:00,17.9389
"215",2022-12-04 09:00:00,17.9462
"216",2022-12-04 10:00:00,17.9113
"217",2022-12-04 11:00:00,17.7527
"218",2022-12-04 12:00:00,17.7108
"219",2022-12-04 13:00:00,17.6524
"220",2022-12-04 14:00:00,17.7081
"221",2022-12-04 15:00:00,17.595
"222",2022-12-04 16:00:00,17.7819
"223",2022-12-04 17:00:00,17.8345
"224",2022-12-04 18:00:00,17.8403
"225",2022-12-04 19:00:00,17.8239
"226",2022-12-04 20:00:00,17.7583
"227",2022-12-04 21:00:00,17.8513
"228",2022-12-04 22:00:00,17.8847
"229",2022-12-04 23:00:00,17.8423
"230",2022-12-05 00:00:00,17.7607
"231",2022-12-05 01:00:00,17.7874
"232",2022-12-05 02:00:00,17.7978
"233",2022-12-05 03:00:00,17.7529
"234",2022-12-05 04:00:00,17.8219
"235",2022-12-05 05:00:00,17.9139
"236",2022-12-05 06:00:00,17.9035
"237",2022-12-05 07:00:00,17.8533
"238",2022-12-05 08:00:00,17.843
"239",2022-12-05 09:00:00,17.8425
"240",2022-12-05 10:00:00,17.8454
"241",2022-12-05 11:00:00,17.8493
"242",2022-12-05 12:00:00,17.856
"243",2022-12-05 13:00:00,17.8599
"244",2022-12-05 14:00:00,17.8661
"245",2022-12-05 15:00:00,17.8535
"246",2022-12-05 16:00:00,17.8513
"247",2022-12-05 17:00:00,17.8321
"248",2022-12-05 18:00:00,17.8273
"249",2022-12-05 19:00:00,17.8262
"250",2022-12-05 20:00:00,17.8301
"251",2022-12-05 21:00:00,17.829
"252",2022-12-05 22:00:00,17.7905
"253",2022-12-05 23:00:00,17.7983
"254",2022-12-06 00:00:00,17.7768
"255",2022-12-06 01:00:00,17.7797
"256",2022-12-06 02:00:00,17.7583
"257",2022-12-06 03:00:00,17.7348
"258",2022-12-06 04:00:00,17.7038
"259",2022-12-06 05:00:00,17.7026
"260",2022-12-06 06:00:00,17.6991
"261",2022-12-06 07:00:00,17.6712
"262",2022-12-06 08:00:00,17.6814
"263",2022-12-06 09:00:00,17.6959
"264",2022-12-06 10:00:00,17.7105
"265",2022-12-06 11:00:00,17.7214
"266",2022-12-06 12:00:00,17.7348
"267",2022-12-06 13:00:00,17.7515
"268",2022-12-06 14:00:00,17.747
"269",2022-12-06 15:00:00,17.7183
"270",2022-12-06 16:00:00,17.6304
"271",2022-12-06 17:00:00,17.6445
"272",2022-12-06 18:00:00,17.6221
"273",2022-12-06 19:00:00,17.5869
"274",2022-12-06 20:00:00,17.5471
"275",2022-12-06 21:00:00,17.5418
"276",2022-12-06 22:00:00,17.5262
"277",2022-12-06 23:00:00,17.4917
"278",2022-12-07 00:00:00,17.4706
"279",2022-12-07 01:00:00,17.4712
"280",2022-12-07 02:00:00,17.5047
"281",2022-12-07 03:00:00,17.5178
"282",2022-12-07 04:00:00,17.5253
"283",2022-12-07 05:00:00,17.529
"284",2022-12-07 06:00:00,17.5219
"285",2022-12-07 07:00:00,17.5361
"286",2022-12-07 08:00:00,17.5368
"287",2022-12-07 09:00:00,17.5314
"288",2022-12-07 10:00:00,17.5396
"289",2022-12-07 11:00:00,17.5506
"290",2022-12-07 12:00:00,17.5628
"291",2022-12-07 13:00:00,17.5581
"292",2022-12-07 14:00:00,17.5266
"293",2022-12-07 15:00:00,17.5102
"294",2022-12-07 16:00:00,17.4891
"295",2022-12-07 17:00:00,17.4708
"296",2022-12-07 18:00:00,17.4595
"297",2022-12-07 19:00:00,17.4579
"298",2022-12-07 20:00:00,17.4599
"299",2022-12-07 21:00:00,17.452
"300",2022-12-07 22:00:00,17.4491
"301",2022-12-07 23:00:00,17.4362
"302",2022-12-08 00:00:00,17.4244
"303",2022-12-08 01:00:00,17.4198
"304",2022-12-08 02:00:00,17.4084
"305",2022-12-08 03:00:00,17.4017
"306",2022-12-08 04:00:00,17.3858
"307",2022-12-08 05:00:00,17.3828
"308",2022-12-08 06:00:00,17.3781
"309",2022-12-08 07:00:00,17.3413
"310",2022-12-08 08:00:00,17.349
"311",2022-12-08 09:00:00,17.3435
"312",2022-12-08 10:00:00,17.3433
"313",2022-12-08 11:00:00,17.345
"314",2022-12-08 12:00:00,17.3199
"315",2022-12-08 13:00:00,17.3218
"316",2022-12-08 14:00:00,17.3253
"317",2022-12-08 15:00:00,17.3277
"318",2022-12-08 16:00:00,17.3332
"319",2022-12-08 17:00:00,17.3383
"320",2022-12-08 18:00:00,17.3435
"321",2022-12-08 19:00:00,17.3568
"322",2022-12-08 20:00:00,17.3466
"323",2022-12-08 21:00:00,17.3517
"324",2022-12-08 22:00:00,17.3529
"325",2022-12-08 23:00:00,17.3277
"326",2022-12-09 00:00:00,17.3346
"327",2022-12-09 01:00:00,17.3623
"328",2022-12-09 02:00:00,17.3543
"329",2022-12-09 03:00:00,17.3438
"330",2022-12-09 04:00:00,17.3387
"331",2022-12-09 05:00:00,17.3356
"332",2022-12-09 06:00:00,17.2537
"333",2022-12-09 07:00:00,17.2356
"334",2022-12-09 08:00:00,17.2853
"335",2022-12-09 09:00:00,17.2709
"336",2022-12-09 10:00:00,17.1699
"337",2022-12-09 11:00:00,17.1741
"338",2022-12-09 12:00:00,17.1136
"339",2022-12-09 13:00:00,17.0903
"340",2022-12-09 14:00:00,17.1129
"341",2022-12-09 15:00:00,17.1486
"342",2022-12-09 16:00:00,17.1821
"343",2022-12-09 17:00:00,17.1821
"344",2022-12-09 18:00:00,17.1852
"345",2022-12-09 19:00:00,17.2585
"346",2022-12-09 20:00:00,17.2325
"347",2022-12-09 21:00:00,17.2301
"348",2022-12-09 22:00:00,17.238
"349",2022-12-09 23:00:00,17.2156
"350",2022-12-10 00:00:00,17.2294
"351",2022-12-10 01:00:00,17.1959
"352",2022-12-10 02:00:00,17.1721
"353",2022-12-10 03:00:00,17.1451
"354",2022-12-10 04:00:00,17.2034
"355",2022-12-10 05:00:00,17.2211
"356",2022-12-10 06:00:00,17.227
"357",2022-12-10 07:00:00,17.2272
"358",2022-12-10 08:00:00,17.2354
"359",2022-12-10 09:00:00,17.2577
"360",2022-12-10 10:00:00,17.2555
"361",2022-12-10 11:00:00,17.264
"362",2022-12-10 12:00:00,17.2774
"363",2022-12-10 13:00:00,17.2822
"364",2022-12-10 14:00:00,17.2883
"365",2022-12-10 15:00:00,17.2664
"366",2022-12-10 16:00:00,17.2561
"367",2022-12-10 17:00:00,17.2528
"368",2022-12-10 18:00:00,17.2514
"369",2022-12-10 19:00:00,17.2473
"370",2022-12-10 20:00:00,17.2443
"371",2022-12-10 21:00:00,17.2248
"372",2022-12-10 22:00:00,17.2252
"373",2022-12-10 23:00:00,17.2298
"374",2022-12-11 00:00:00,17.2136
"375",2022-12-11 01:00:00,17.222
"376",2022-12-11 02:00:00,17.2248
"377",2022-12-11 03:00:00,17.2156
"378",2022-12-11 04:00:00,17.219
"379",2022-12-11 05:00:00,17.2003
"380",2022-12-11 06:00:00,17.153
"381",2022-12-11 07:00:00,17.1407
"382",2022-12-11 08:00:00,17.1482
"383",2022-12-11 09:00:00,17.1565
"384",2022-12-11 10:00:00,17.1718
"385",2022-12-11 11:00:00,17.1744
"386",2022-12-11 12:00:00,17.1845
"387",2022-12-11 13:00:00,17.1765
"388",2022-12-11 14:00:00,17.1812
"389",2022-12-11 15:00:00,17.1723
"390",2022-12-11 16:00:00,17.1427
"391",2022-12-11 17:00:00,17.1583
"392",2022-12-11 18:00:00,17.152
"393",2022-12-11 19:00:00,17.1688
"394",2022-12-11 20:00:00,17.1737
"395",2022-12-11 21:00:00,17.1688
"396",2022-12-11 22:00:00,17.164
"397",2022-12-11 23:00:00,17.1688
"398",2022-12-12 00:00:00,17.1427
"399",2022-12-12 01:00:00,17.1295
"400",2022-12-12 02:00:00,17.1425
"401",2022-12-12 03:00:00,17.034
"402",2022-12-12 04:00:00,17.0577
"403",2022-12-12 05:00:00,17.0829
"404",2022-12-12 06:00:00,17.1002
"405",2022-12-12 07:00:00,17.0655
"406",2022-12-12 08:00:00,17.0789
"407",2022-12-12 09:00:00,17.0921
"408",2022-12-12 10:00:00,17.0868
"409",2022-12-12 11:00:00,17.0844
"410",2022-12-12 12:00:00,17.0927
"411",2022-12-12 13:00:00,17.1105
"412",2022-12-12 14:00:00,17.074
"413",2022-12-12 15:00:00,17.063
"414",2022-12-12 16:00:00,17.071
"415",2022-12-12 17:00:00,17.0659
"416",2022-12-12 18:00:00,17.0655
"417",2022-12-12 19:00:00,17.0522
"418",2022-12-12 20:00:00,17.0631
"419",2022-12-12 21:00:00,17.0511
"420",2022-12-12 22:00:00,16.9386
"421",2022-12-12 23:00:00,16.98
"422",2022-12-13 00:00:00,16.9599
"423",2022-12-13 01:00:00,17.0175
"424",2022-12-13 02:00:00,17.0013
"425",2022-12-13 03:00:00,16.9975
"426",2022-12-13 04:00:00,16.9276
"427",2022-12-13 05:00:00,16.9149
"428",2022-12-13 06:00:00,17.0388
"429",2022-12-13 07:00:00,17.0552
"430",2022-12-13 08:00:00,17.0788
"431",2022-12-13 09:00:00,17.0971
"432",2022-12-13 10:00:00,17.0896
"433",2022-12-13 11:00:00,17.0758
"434",2022-12-13 12:00:00,17.0631
"435",2022-12-13 13:00:00,17.0582
"436",2022-12-13 14:00:00,17.0552
"437",2022-12-13 15:00:00,17.0482
"438",2022-12-13 16:00:00,17.047
"439",2022-12-13 17:00:00,17.0443
"440",2022-12-13 18:00:00,17.0309
"441",2022-12-13 19:00:00,17.0329
"442",2022-12-13 20:00:00,17.0478
"443",2022-12-13 21:00:00,17.0441
"444",2022-12-13 22:00:00,17.032
"445",2022-12-13 23:00:00,17.0388
"446",2022-12-14 00:00:00,17.0285
"447",2022-12-14 01:00:00,17.0147
"448",2022-12-14 02:00:00,17.0158
"449",2022-12-14 03:00:00,17.0121
"450",2022-12-14 04:00:00,16.981
"451",2022-12-14 05:00:00,16.9918
"452",2022-12-14 06:00:00,16.9866
"453",2022-12-14 07:00:00,16.9835
"454",2022-12-14 08:00:00,16.9835
"455",2022-12-14 09:00:00,16.9536
"456",2022-12-14 10:00:00,16.955
"457",2022-12-14 11:00:00,16.9652
"458",2022-12-14 12:00:00,16.9733
"459",2022-12-14 13:00:00,16.989
"460",2022-12-14 14:00:00,16.9945
"461",2022-12-14 15:00:00,16.9859
"462",2022-12-14 16:00:00,16.9696
"463",2022-12-14 17:00:00,16.978
"464",2022-12-14 18:00:00,16.9816
"465",2022-12-14 19:00:00,16.982
"466",2022-12-14 20:00:00,16.9709
"467",2022-12-14 21:00:00,16.9851
"468",2022-12-14 22:00:00,16.982
"469",2022-12-14 23:00:00,16.9834
"470",2022-12-15 00:00:00,16.9921
"471",2022-12-15 01:00:00,17.0021
"472",2022-12-15 02:00:00,17.0072
"473",2022-12-15 03:00:00,16.9883
"474",2022-12-15 04:00:00,16.9835
"475",2022-12-15 05:00:00,16.989
"476",2022-12-15 06:00:00,16.9804
"477",2022-12-15 07:00:00,16.9766
"478",2022-12-15 08:00:00,16.9757
"479",2022-12-15 09:00:00,16.9717
"480",2022-12-15 10:00:00,16.8613
"481",2022-12-15 11:00:00,16.9164
"482",2022-12-15 12:00:00,16.8787
"483",2022-12-15 13:00:00,16.8187
"484",2022-12-15 14:00:00,16.811
"485",2022-12-15 15:00:00,16.8084
"486",2022-12-15 16:00:00,16.8307
"487",2022-12-15 17:00:00,16.7684
"488",2022-12-15 18:00:00,16.8881
"489",2022-12-15 19:00:00,16.6868
"490",2022-12-15 20:00:00,16.8215
"491",2022-12-15 21:00:00,16.8455
"492",2022-12-15 22:00:00,16.8254
"493",2022-12-15 23:00:00,16.8163
"494",2022-12-16 00:00:00,16.8455
"495",2022-12-16 01:00:00,16.7926
"496",2022-12-16 02:00:00,16.7926
"497",2022-12-16 03:00:00,16.7693
"498",2022-12-16 04:00:00,16.7586
"499",2022-12-16 05:00:00,16.7287
"500",2022-12-16 06:00:00,16.6813
"501",2022-12-16 07:00:00,16.6362
"502",2022-12-16 08:00:00,16.6513
"503",2022-12-16 09:00:00,16.7232
"504",2022-12-16 10:00:00,16.7467
"505",2022-12-16 11:00:00,16.8005
"506",2022-12-16 12:00:00,16.8668
"507",2022-12-16 13:00:00,16.8194
"508",2022-12-16 14:00:00,16.6654
"509",2022-12-16 15:00:00,16.7129
"510",2022-12-16 16:00:00,16.6882
"511",2022-12-16 17:00:00,16.6835
"512",2022-12-16 18:00:00,16.7287
"513",2022-12-16 19:00:00,16.7371
"514",2022-12-16 20:00:00,16.6951
"515",2022-12-16 21:00:00,16.7524
"516",2022-12-16 22:00:00,16.7476
"517",2022-12-16 23:00:00,16.7871
"518",2022-12-17 00:00:00,16.8327
"519",2022-12-17 01:00:00,16.8697
"520",2022-12-17 02:00:00,16.8688
"521",2022-12-17 03:00:00,16.8655
"522",2022-12-17 04:00:00,16.8778
"523",2022-12-17 05:00:00,16.8431
"524",2022-12-17 06:00:00,16.8629
"525",2022-12-17 07:00:00,16.8589
"526",2022-12-17 08:00:00,16.8599
"527",2022-12-17 09:00:00,16.8209
"528",2022-12-17 10:00:00,16.7748
"529",2022-12-17 11:00:00,16.8115
"530",2022-12-17 12:00:00,16.8471
"531",2022-12-17 13:00:00,16.8431
"532",2022-12-17 14:00:00,16.8486
"533",2022-12-17 15:00:00,16.8431
"534",2022-12-17 16:00:00,16.8163
"535",2022-12-17 17:00:00,16.8016
"536",2022-12-17 18:00:00,16.7823
"537",2022-12-17 19:00:00,16.7717
"538",2022-12-17 20:00:00,16.7669
"539",2022-12-17 21:00:00,16.761
"540",2022-12-17 22:00:00,16.7665
"541",2022-12-17 23:00:00,16.7682
"542",2022-12-18 00:00:00,16.766
"543",2022-12-18 01:00:00,16.7741
"544",2022-12-18 02:00:00,16.7876
"545",2022-12-18 03:00:00,16.7792
"546",2022-12-18 04:00:00,16.7761
"547",2022-12-18 05:00:00,16.7702
"548",2022-12-18 06:00:00,16.777
"549",2022-12-18 07:00:00,16.7665
"550",2022-12-18 08:00:00,16.7524
"551",2022-12-18 09:00:00,16.7603
"552",2022-12-18 10:00:00,16.7608
"553",2022-12-18 11:00:00,16.7682
"554",2022-12-18 12:00:00,16.7823
"555",2022-12-18 13:00:00,16.7871
"556",2022-12-18 14:00:00,16.7713
"557",2022-12-18 15:00:00,16.7713
"558",2022-12-18 16:00:00,16.7634
"559",2022-12-18 17:00:00,16.7636
"560",2022-12-18 18:00:00,16.7559
"561",2022-12-18 19:00:00,16.7579
"562",2022-12-18 20:00:00,16.7473
"563",2022-12-18 21:00:00,16.7411
"564",2022-12-18 22:00:00,16.7431
"565",2022-12-18 23:00:00,16.7421
"566",2022-12-19 00:00:00,16.7263
"567",2022-12-19 01:00:00,16.7342
"568",2022-12-19 02:00:00,16.7496
"569",2022-12-19 03:00:00,16.748
"570",2022-12-19 04:00:00,16.7579
"571",2022-12-19 05:00:00,16.7612
"572",2022-12-19 06:00:00,16.7476
"573",2022-12-19 07:00:00,16.7528
"574",2022-12-19 08:00:00,16.7484
"575",2022-12-19 09:00:00,16.7456
"576",2022-12-19 10:00:00,16.75
"577",2022-12-19 11:00:00,16.7544
"578",2022-12-19 12:00:00,16.7595
"579",2022-12-19 13:00:00,16.7583
"580",2022-12-19 14:00:00,16.7579
"581",2022-12-19 15:00:00,16.7535
"582",2022-12-19 16:00:00,16.7452
"583",2022-12-19 17:00:00,16.7507
"584",2022-12-19 18:00:00,16.7469
"585",2022-12-19 19:00:00,16.7423
"586",2022-12-19 20:00:00,16.7394
"587",2022-12-19 21:00:00,16.7362
"588",2022-12-19 22:00:00,16.7386
"589",2022-12-19 23:00:00,16.7392
"590",2022-12-20 00:00:00,16.7377
"591",2022-12-20 01:00:00,16.7382
"592",2022-12-20 02:00:00,16.739
"593",2022-12-20 03:00:00,16.7368
"594",2022-12-20 04:00:00,16.7342
"595",2022-12-20 05:00:00,16.7366
"596",2022-12-20 06:00:00,16.7415
"597",2022-12-20 07:00:00,16.74
"598",2022-12-20 08:00:00,16.7401
"599",2022-12-20 09:00:00,16.7445
"600",2022-12-20 10:00:00,16.7482
"601",2022-12-20 11:00:00,16.7544
"602",2022-12-20 12:00:00,16.7535
"603",2022-12-20 13:00:00,16.7563
"604",2022-12-20 14:00:00,16.755
"605",2022-12-20 15:00:00,16.7557
"606",2022-12-20 16:00:00,16.7552
"607",2022-12-20 17:00:00,16.75
"608",2022-12-20 18:00:00,16.7417
"609",2022-12-20 19:00:00,16.7488
"610",2022-12-20 20:00:00,16.7421
"611",2022-12-20 21:00:00,16.7474
"612",2022-12-20 22:00:00,16.7397
"613",2022-12-20 23:00:00,16.7342
"614",2022-12-21 00:00:00,16.719
"615",2022-12-21 01:00:00,16.7315
"616",2022-12-21 02:00:00,16.7158
"617",2022-12-21 03:00:00,16.7089
"618",2022-12-21 04:00:00,16.7057
"619",2022-12-21 05:00:00,16.7093
"620",2022-12-21 06:00:00,16.7125
"621",2022-12-21 07:00:00,16.7006
"622",2022-12-21 08:00:00,16.7006
"623",2022-12-21 09:00:00,16.7186
"624",2022-12-21 10:00:00,16.7044
"625",2022-12-21 11:00:00,16.7039
"626",2022-12-21 12:00:00,16.6872
"627",2022-12-21 13:00:00,16.6971
"628",2022-12-21 14:00:00,16.6694
"629",2022-12-21 15:00:00,16.6837
"630",2022-12-21 16:00:00,16.7061
"631",2022-12-21 17:00:00,16.701
"632",2022-12-21 18:00:00,16.705
"633",2022-12-21 19:00:00,16.5801
"634",2022-12-21 20:00:00,16.5667
"635",2022-12-21 21:00:00,16.6149
"636",2022-12-21 22:00:00,16.5056
"637",2022-12-21 23:00:00,16.5129
"638",2022-12-22 00:00:00,16.5047
"639",2022-12-22 01:00:00,16.4099
"640",2022-12-22 02:00:00,16.3618
"641",2022-12-22 03:00:00,16.3766
"642",2022-12-22 04:00:00,16.3728
"643",2022-12-22 05:00:00,16.3491
"644",2022-12-22 06:00:00,16.3806
"645",2022-12-22 07:00:00,16.3436
"646",2022-12-22 08:00:00,16.344
"647",2022-12-22 09:00:00,16.3436
"648",2022-12-22 10:00:00,16.3698
"649",2022-12-22 11:00:00,16.4754
"650",2022-12-22 12:00:00,16.5619
"651",2022-12-22 13:00:00,16.5979
"652",2022-12-22 14:00:00,16.5454
"653",2022-12-22 15:00:00,16.4869
"654",2022-12-22 16:00:00,16.373
"655",2022-12-22 17:00:00,16.3436
"656",2022-12-22 18:00:00,16.3804
"657",2022-12-22 19:00:00,16.3768
"658",2022-12-22 20:00:00,16.3736
"659",2022-12-22 21:00:00,16.3989
"660",2022-12-22 22:00:00,16.4283
"661",2022-12-22 23:00:00,16.5469
"662",2022-12-23 00:00:00,16.6252
"663",2022-12-23 01:00:00,16.6654
"664",2022-12-23 02:00:00,16.6176
"665",2022-12-23 03:00:00,16.595
"666",2022-12-23 04:00:00,16.5753
"667",2022-12-23 05:00:00,16.5801
"668",2022-12-23 06:00:00,16.5908
"669",2022-12-23 07:00:00,16.5825
"670",2022-12-23 08:00:00,16.594
"671",2022-12-23 09:00:00,16.6197
"672",2022-12-23 10:00:00,16.6496
"673",2022-12-23 11:00:00,16.6465
"674",2022-12-23 12:00:00,16.6426
"675",2022-12-23 13:00:00,16.659
"676",2022-12-23 14:00:00,16.6544
"677",2022-12-23 15:00:00,16.6417
"678",2022-12-23 16:00:00,16.6228
"679",2022-12-23 17:00:00,16.6232
"680",2022-12-23 18:00:00,16.6204
"681",2022-12-23 19:00:00,16.6152
"682",2022-12-23 20:00:00,16.5955
"683",2022-12-23 21:00:00,16.5751
"684",2022-12-23 22:00:00,16.5658
"685",2022-12-23 23:00:00,16.5351
"686",2022-12-24 00:00:00,16.5271
"687",2022-12-24 01:00:00,16.5674
"688",2022-12-24 02:00:00,16.5784
"689",2022-12-24 03:00:00,16.5825
"690",2022-12-24 04:00:00,16.5722
"691",2022-12-24 05:00:00,16.5817
"692",2022-12-24 06:00:00,16.5801
"693",2022-12-24 07:00:00,16.588
"694",2022-12-24 08:00:00,16.6015
"695",2022-12-24 09:00:00,16.603
"696",2022-12-24 10:00:00,16.6149
"697",2022-12-24 11:00:00,16.6252
"698",2022-12-24 12:00:00,16.6351
"699",2022-12-24 13:00:00,16.6397
"700",2022-12-24 14:00:00,16.6386
"701",2022-12-24 15:00:00,16.6197
"702",2022-12-24 16:00:00,16.5991
"703",2022-12-24 17:00:00,16.6125
"704",2022-12-24 18:00:00,16.5872
"705",2022-12-24 19:00:00,16.6228
"706",2022-12-24 20:00:00,16.607
"707",2022-12-24 21:00:00,16.5886
"708",2022-12-24 22:00:00,16.5801
"709",2022-12-24 23:00:00,16.5604
"710",2022-12-25 00:00:00,16.5612
"711",2022-12-25 01:00:00,16.5712
"712",2022-12-25 02:00:00,16.5698
"713",2022-12-25 03:00:00,16.5672
"714",2022-12-25 04:00:00,16.5738
"715",2022-12-25 05:00:00,16.5582
"716",2022-12-25 06:00:00,16.556
"717",2022-12-25 07:00:00,16.5535
"718",2022-12-25 08:00:00,16.543
"719",2022-12-25 09:00:00,16.5457
"720",2022-12-25 10:00:00,16.5787
"721",2022-12-25 11:00:00,16.591
"722",2022-12-25 12:00:00,16.5797
"723",2022-12-25 13:00:00,16.6015
"724",2022-12-25 14:00:00,16.5995
"725",2022-12-25 15:00:00,16.6044
"726",2022-12-25 16:00:00,16.5991
"727",2022-12-25 17:00:00,16.5941
"728",2022-12-25 18:00:00,16.5774
"729",2022-12-25 19:00:00,16.573
"730",2022-12-25 20:00:00,16.5722
"731",2022-12-25 21:00:00,16.5777
"732",2022-12-25 22:00:00,16.5808
"733",2022-12-25 23:00:00,16.5746
"734",2022-12-26 00:00:00,16.5751
"735",2022-12-26 01:00:00,16.5776
"736",2022-12-26 02:00:00,16.5698
"737",2022-12-26 03:00:00,16.5485
"738",2022-12-26 04:00:00,16.5326
"739",2022-12-26 05:00:00,16.5335
"740",2022-12-26 06:00:00,16.5346
"741",2022-12-26 07:00:00,16.5302
"742",2022-12-26 08:00:00,16.5218
"743",2022-12-26 09:00:00,16.5212
"744",2022-12-26 10:00:00,16.5533
"745",2022-12-26 11:00:00,16.577
"746",2022-12-26 12:00:00,16.6193
"747",2022-12-26 13:00:00,16.6041
"748",2022-12-26 14:00:00,16.6323
"749",2022-12-26 15:00:00,16.608
"750",2022-12-26 16:00:00,16.5825
"751",2022-12-26 17:00:00,16.5935
"752",2022-12-26 18:00:00,16.5704
"753",2022-12-26 19:00:00,16.5691
"754",2022-12-26 20:00:00,16.5608
"755",2022-12-26 21:00:00,16.543
"756",2022-12-26 22:00:00,16.5381
"757",2022-12-26 23:00:00,16.5421
"758",2022-12-27 00:00:00,16.5344
"759",2022-12-27 01:00:00,16.5307
"760",2022-12-27 02:00:00,16.5172
"761",2022-12-27 03:00:00,16.5093
"762",2022-12-27 04:00:00,16.5087
"763",2022-12-27 05:00:00,16.5192
"764",2022-12-27 06:00:00,16.5223
"765",2022-12-27 07:00:00,16.5144
"766",2022-12-27 08:00:00,16.5137
"767",2022-12-27 09:00:00,16.5192
"768",2022-12-27 10:00:00,16.5302
"769",2022-12-27 11:00:00,16.552
"770",2022-12-27 12:00:00,16.5793
"771",2022-12-27 13:00:00,16.6156
"772",2022-12-27 14:00:00,16.6125
"773",2022-12-27 15:00:00,16.5843
"774",2022-12-27 16:00:00,16.5777
"775",2022-12-27 17:00:00,16.5405
"776",2022-12-27 18:00:00,16.5271
"777",2022-12-27 19:00:00,16.5161
"778",2022-12-27 20:00:00,16.4979
"779",2022-12-27 21:00:00,16.4924
"780",2022-12-27 22:00:00,16.4844
"781",2022-12-27 23:00:00,16.4844
"782",2022-12-28 00:00:00,16.4776
"783",2022-12-28 01:00:00,16.4851
"784",2022-12-28 02:00:00,16.4851
"785",2022-12-28 03:00:00,16.4892
"786",2022-12-28 04:00:00,16.4844
"787",2022-12-28 05:00:00,16.4741
"788",2022-12-28 06:00:00,16.4741
"789",2022-12-28 07:00:00,16.4717
"790",2022-12-28 08:00:00,16.4473
"791",2022-12-28 09:00:00,16.4473
"792",2022-12-28 10:00:00,16.4497
"793",2022-12-28 11:00:00,16.4473
"794",2022-12-28 12:00:00,16.394
"795",2022-12-28 13:00:00,16.4131
"796",2022-12-28 14:00:00,16.4466
"797",2022-12-28 15:00:00,16.4583
"798",2022-12-28 16:00:00,16.4559
"799",2022-12-28 17:00:00,16.4476
"800",2022-12-28 18:00:00,16.4026
"801",2022-12-28 19:00:00,16.3982
"802",2022-12-28 20:00:00,16.42
"803",2022-12-28 21:00:00,16.4259
"804",2022-12-28 22:00:00,16.418
"805",2022-12-28 23:00:00,16.4283
"806",2022-12-29 00:00:00,16.4279
"807",2022-12-29 01:00:00,16.4255
"808",2022-12-29 02:00:00,16.427
"809",2022-12-29 03:00:00,16.4345
"810",2022-12-29 04:00:00,16.4279
"811",2022-12-29 05:00:00,16.4283
"812",2022-12-29 06:00:00,16.4211
"813",2022-12-29 07:00:00,16.4219
"814",2022-12-29 08:00:00,16.4125
"815",2022-12-29 09:00:00,16.4125
"816",2022-12-29 10:00:00,16.4075
"817",2022-12-29 11:00:00,16.4182
"818",2022-12-29 12:00:00,16.4288
"819",2022-12-29 13:00:00,16.4368
"820",2022-12-29 14:00:00,16.4662
"821",2022-12-29 15:00:00,16.4662
"822",2022-12-29 16:00:00,16.4314
"823",2022-12-29 17:00:00,16.467
"824",2022-12-29 18:00:00,16.4261
"825",2022-12-29 19:00:00,16.4156
"826",2022-12-29 20:00:00,16.4052
"827",2022-12-29 21:00:00,16.4126
"828",2022-12-29 22:00:00,16.2911
"829",2022-12-29 23:00:00,16.2177
"830",2022-12-30 00:00:00,16.176
"831",2022-12-30 01:00:00,16.1194
"832",2022-12-30 02:00:00,16.12
"833",2022-12-30 03:00:00,16.1463
"834",2022-12-30 04:00:00,16.1359
"835",2022-12-30 05:00:00,16.1226
"836",2022-12-30 06:00:00,16.128
"837",2022-12-30 07:00:00,16.1427
"838",2022-12-30 08:00:00,16.1897
"839",2022-12-30 09:00:00,16.1464
"840",2022-12-30 10:00:00,16.1518
"841",2022-12-30 11:00:00,16.1776
"842",2022-12-30 12:00:00,16.216
"843",2022-12-30 13:00:00,16.1915
"844",2022-12-30 14:00:00,16.1866
"845",2022-12-30 15:00:00,16.2069
"846",2022-12-30 16:00:00,16.2129
"847",2022-12-30 17:00:00,16.1779
"848",2022-12-30 18:00:00,16.1304
"849",2022-12-30 19:00:00,16.12
"850",2022-12-30 20:00:00,16.1072
"851",2022-12-30 21:00:00,16.0896
"852",2022-12-30 22:00:00,16.0772
"853",2022-12-30 23:00:00,16.0638
"854",2022-12-31 00:00:00,16.0479
"855",2022-12-31 01:00:00,16.0589
"856",2022-12-31 02:00:00,16.0454
"857",2022-12-31 03:00:00,16.0582
"858",2022-12-31 04:00:00,16.0451
"859",2022-12-31 05:00:00,16.0543
"860",2022-12-31 06:00:00,16.0662
"861",2022-12-31 07:00:00,16.0853
"862",2022-12-31 08:00:00,15.976
"863",2022-12-31 09:00:00,15.9648
"864",2022-12-31 10:00:00,15.9751
"865",2022-12-31 11:00:00,15.9947
"866",2022-12-31 12:00:00,16.025
"867",2022-12-31 13:00:00,16.0384
"868",2022-12-31 14:00:00,16.0677
"869",2022-12-31 15:00:00,16.0499
"870",2022-12-31 16:00:00,16.0449
"871",2022-12-31 17:00:00,16.0612
"872",2022-12-31 18:00:00,16.0534
"873",2022-12-31 19:00:00,16.043
"874",2022-12-31 20:00:00,16.0428
"875",2022-12-31 21:00:00,16.0375
"876",2022-12-31 22:00:00,16.0344
"877",2022-12-31 23:00:00,16.0268
"878",2023-01-01 00:00:00,16.0289
"879",2023-01-01 01:00:00,16.0334
"880",2023-01-01 02:00:00,16.026
"881",2023-01-01 03:00:00,16.0295
"882",2023-01-01 04:00:00,16.0295
"883",2023-01-01 05:00:00,16.033
"884",2023-01-01 06:00:00,16.032
"885",2023-01-01 07:00:00,16.0344
"886",2023-01-01 08:00:00,16.036
"887",2023-01-01 09:00:00,16.0375
"888",2023-01-01 10:00:00,16.0334
"889",2023-01-01 11:00:00,16.0399
"890",2023-01-01 12:00:00,16.0534
"891",2023-01-01 13:00:00,16.0748
"892",2023-01-01 14:00:00,16.0748
"893",2023-01-01 15:00:00,16.0796
"894",2023-01-01 16:00:00,16.0613
"895",2023-01-01 17:00:00,16.0479
"896",2023-01-01 18:00:00,16.0399
"897",2023-01-01 19:00:00,16.0309
"898",2023-01-01 20:00:00,16.028
"899",2023-01-01 21:00:00,16.032
"900",2023-01-01 22:00:00,16.0294
"901",2023-01-01 23:00:00,16.0235
"902",2023-01-02 00:00:00,16.0316
"903",2023-01-02 01:00:00,16.0237
"904",2023-01-02 02:00:00,16.0161
"905",2023-01-02 03:00:00,16.0231
"906",2023-01-02 04:00:00,16.024
"907",2023-01-02 05:00:00,16.0213
"908",2023-01-02 06:00:00,16.0185
"909",2023-01-02 07:00:00,16.0187
"910",2023-01-02 08:00:00,16.0209
"911",2023-01-02 09:00:00,16.0266
"912",2023-01-02 10:00:00,16.0633
"913",2023-01-02 11:00:00,16.0772
"914",2023-01-02 12:00:00,16.1017
"915",2023-01-02 13:00:00,16.0993
"916",2023-01-02 14:00:00,16.0962
"917",2023-01-02 15:00:00,16.0748
"918",2023-01-02 16:00:00,16.051
"919",2023-01-02 17:00:00,16.049
"920",2023-01-02 18:00:00,16.0454
"921",2023-01-02 19:00:00,16.0399
"922",2023-01-02 20:00:00,16.0375
"923",2023-01-02 21:00:00,16.0401
"924",2023-01-02 22:00:00,16.0368
"925",2023-01-02 23:00:00,16.03
"926",2023-01-03 00:00:00,16.027
"927",2023-01-03 01:00:00,16.0161
"928",2023-01-03 02:00:00,16.0161
"929",2023-01-03 03:00:00,16.0188
"930",2023-01-03 04:00:00,16.0192
"931",2023-01-03 05:00:00,16.0211
"932",2023-01-03 06:00:00,16.0225
"933",2023-01-03 07:00:00,16.0181
"934",2023-01-03 08:00:00,16.0265
"935",2023-01-03 09:00:00,16.0265
"936",2023-01-03 10:00:00,16.0448
"937",2023-01-03 11:00:00,16.0689
"938",2023-01-03 12:00:00,16.126
"939",2023-01-03 13:00:00,16.1822
"940",2023-01-03 14:00:00,16.193
"941",2023-01-03 15:00:00,16.1688
"942",2023-01-03 16:00:00,16.1161
"943",2023-01-03 17:00:00,16.0991
"944",2023-01-03 18:00:00,16.0855
"945",2023-01-03 19:00:00,16.0639
"946",2023-01-03 20:00:00,16.0881
"947",2023-01-03 21:00:00,16.0526
"948",2023-01-03 22:00:00,16.0693
"949",2023-01-03 23:00:00,16.0641
"950",2023-01-04 00:00:00,16.0518
"951",2023-01-04 01:00:00,16.0558
"952",2023-01-04 02:00:00,16.0589
"953",2023-01-04 03:00:00,16.0532
"954",2023-01-04 04:00:00,16.043
"955",2023-01-04 05:00:00,16.0289
"956",2023-01-04 06:00:00,16.0329
"957",2023-01-04 07:00:00,16.0391
"958",2023-01-04 08:00:00,16.0578
"959",2023-01-04 09:00:00,16.0451
"960",2023-01-04 10:00:00,16.0644
"961",2023-01-04 11:00:00,16.0724
"962",2023-01-04 12:00:00,16.1066
"963",2023-01-04 13:00:00,16.096
"964",2023-01-04 14:00:00,16.0859
"965",2023-01-04 15:00:00,16.0777
"966",2023-01-04 16:00:00,16.0803
"967",2023-01-04 17:00:00,16.0615
"968",2023-01-04 18:00:00,16.0538
"969",2023-01-04 19:00:00,16.0379
"970",2023-01-04 20:00:00,16.0508
"971",2023-01-04 21:00:00,16.0565
"972",2023-01-04 22:00:00,16.051
"973",2023-01-04 23:00:00,16.0696
"974",2023-01-05 00:00:00,16.0565
"975",2023-01-05 01:00:00,16.0638
"976",2023-01-05 02:00:00,16.0633
"977",2023-01-05 03:00:00,16.0479
"978",2023-01-05 04:00:00,16.0542
"979",2023-01-05 05:00:00,16.024
"980",2023-01-05 06:00:00,16.024
"981",2023-01-05 07:00:00,16.0403
"982",2023-01-05 08:00:00,16.0558
"983",2023-01-05 09:00:00,16.0613
"984",2023-01-05 10:00:00,15.9962
"985",2023-01-05 11:00:00,15.9732
"986",2023-01-05 12:00:00,15.9922
"987",2023-01-05 13:00:00,16.0161
"988",2023-01-05 14:00:00,16.0318
"989",2023-01-05 15:00:00,16.0213
"990",2023-01-05 16:00:00,16.0344
"991",2023-01-05 17:00:00,16.0428
"992",2023-01-05 18:00:00,16.0454
"993",2023-01-05 19:00:00,15.9271
"994",2023-01-05 20:00:00,15.9496
"995",2023-01-05 21:00:00,15.9335
"996",2023-01-05 22:00:00,15.928
"997",2023-01-05 23:00:00,15.928
"998",2023-01-06 00:00:00,15.9231
"999",2023-01-06 01:00:00,15.9414
"1000",2023-01-06 02:00:00,15.9444
"1001",2023-01-06 03:00:00,15.9395
"1002",2023-01-06 04:00:00,15.9324
"1003",2023-01-06 05:00:00,15.9333
"1004",2023-01-06 06:00:00,15.9383
"1005",2023-01-06 07:00:00,15.928
"1006",2023-01-06 08:00:00,15.9333
"1007",2023-01-06 09:00:00,15.9359
"1008",2023-01-06 10:00:00,15.9383
"1009",2023-01-06 11:00:00,15.9466
"1010",2023-01-06 12:00:00,15.9549
"1011",2023-01-06 13:00:00,15.9684
"1012",2023-01-06 14:00:00,15.9677
"1013",2023-01-06 15:00:00,15.9708
"1014",2023-01-06 16:00:00,15.9599
"1015",2023-01-06 17:00:00,15.9439
"1016",2023-01-06 18:00:00,15.9414
"1017",2023-01-06 19:00:00,15.9518
"1018",2023-01-06 20:00:00,15.9439
"1019",2023-01-06 21:00:00,15.9328
"1020",2023-01-06 22:00:00,15.9306
"1021",2023-01-06 23:00:00,15.9335
"1022",2023-01-07 00:00:00,15.928
"1023",2023-01-07 01:00:00,15.9348
"1024",2023-01-07 02:00:00,15.9653
"1025",2023-01-07 03:00:00,15.9922
"1026",2023-01-07 04:00:00,16.005
"1027",2023-01-07 05:00:00,16.026
"1028",2023-01-07 06:00:00,15.9684
"1029",2023-01-07 07:00:00,15.9684
"1030",2023-01-07 08:00:00,15.9843
"1031",2023-01-07 09:00:00,16.0081
"1032",2023-01-07 10:00:00,16.0569
"1033",2023-01-07 11:00:00,16.062
"1034",2023-01-07 12:00:00,16.0395
"1035",2023-01-07 13:00:00,16.0534
"1036",2023-01-07 14:00:00,16.0657
"1037",2023-01-07 15:00:00,16.0574
"1038",2023-01-07 16:00:00,16.0404
"1039",2023-01-07 17:00:00,16.0386
"1040",2023-01-07 18:00:00,16.0355
"1041",2023-01-07 19:00:00,16.0485
"1042",2023-01-07 20:00:00,16.0401
"1043",2023-01-07 21:00:00,16.0375
"1044",2023-01-07 22:00:00,16.0292
"1045",2023-01-07 23:00:00,16.024
"1046",2023-01-08 00:00:00,16.0375
"1047",2023-01-08 01:00:00,16.0131
"1048",2023-01-08 02:00:00,16.0057
"1049",2023-01-08 03:00:00,15.9998
"1050",2023-01-08 04:00:00,16.0022
"1051",2023-01-08 05:00:00,15.9684
"1052",2023-01-08 06:00:00,15.9291
"1053",2023-01-08 07:00:00,15.9039
"1054",2023-01-08 08:00:00,15.9525
"1055",2023-01-08 09:00:00,15.9315
"1056",2023-01-08 10:00:00,15.9414
"1057",2023-01-08 11:00:00,15.8851
"1058",2023-01-08 12:00:00,15.9291
"1059",2023-01-08 13:00:00,15.7889
"1060",2023-01-08 14:00:00,15.8187
"1061",2023-01-08 15:00:00,15.8692
"1062",2023-01-08 16:00:00,15.9345
"1063",2023-01-08 17:00:00,15.9145
"1064",2023-01-08 18:00:00,15.92
"1065",2023-01-08 19:00:00,15.9095
"1066",2023-01-08 20:00:00,15.8961
"1067",2023-01-08 21:00:00,15.6345
"1068",2023-01-08 22:00:00,15.6286
"1069",2023-01-08 23:00:00,15.6564
"1070",2023-01-09 00:00:00,15.6875
"1071",2023-01-09 01:00:00,15.7062
"1072",2023-01-09 02:00:00,15.6777
"1073",2023-01-09 03:00:00,15.6465
"1074",2023-01-09 04:00:00,15.7141
"1075",2023-01-09 05:00:00,15.8508
"1076",2023-01-09 06:00:00,15.8901
"1077",2023-01-09 07:00:00,15.8716
"1078",2023-01-09 08:00:00,15.8568
"1079",2023-01-09 09:00:00,15.9171
"1080",2023-01-09 10:00:00,15.9061
"1081",2023-01-09 11:00:00,15.8986
"1082",2023-01-09 12:00:00,15.9121
"1083",2023-01-09 13:00:00,15.9072
"1084",2023-01-09 14:00:00,15.9095
"1085",2023-01-09 15:00:00,15.8875
"1086",2023-01-09 16:00:00,15.8796
"1087",2023-01-09 17:00:00,15.9121
"1088",2023-01-09 18:00:00,15.8737
"1089",2023-01-09 19:00:00,15.8398
"1090",2023-01-09 20:00:00,15.8588
"1091",2023-01-09 21:00:00,15.8668
"1092",2023-01-09 22:00:00,15.8568
"1093",2023-01-09 23:00:00,15.9065
"1094",2023-01-10 00:00:00,15.9145
"1095",2023-01-10 01:00:00,15.9047
"1096",2023-01-10 02:00:00,15.8961
"1097",2023-01-10 03:00:00,15.8877
"1098",2023-01-10 04:00:00,15.8878
"1099",2023-01-10 05:00:00,15.8716
"1100",2023-01-10 06:00:00,15.8643
"1101",2023-01-10 07:00:00,15.8564
"1102",2023-01-10 08:00:00,15.8453
"1103",2023-01-10 09:00:00,15.9081
"1104",2023-01-10 10:00:00,15.9439
"1105",2023-01-10 11:00:00,15.9549
"1106",2023-01-10 12:00:00,15.9744
"1107",2023-01-10 13:00:00,15.9715
"1108",2023-01-10 14:00:00,15.8858
"1109",2023-01-10 15:00:00,15.856
"1110",2023-01-10 16:00:00,15.8424
"1111",2023-01-10 17:00:00,15.8259
"1112",2023-01-10 18:00:00,15.8346
"1113",2023-01-10 19:00:00,15.8338
"1114",2023-01-10 20:00:00,15.8508
"1115",2023-01-10 21:00:00,15.8588
"1116",2023-01-10 22:00:00,15.8239
"1117",2023-01-10 23:00:00,15.8354
"1118",2023-01-11 00:00:00,15.8374
"1119",2023-01-11 01:00:00,15.8497
"1120",2023-01-11 02:00:00,15.8453
"1121",2023-01-11 03:00:00,15.8338
"1122",2023-01-11 04:00:00,15.8334
"1123",2023-01-11 05:00:00,15.8343
"1124",2023-01-11 06:00:00,15.827
"1125",2023-01-11 07:00:00,15.8199
"1126",2023-01-11 08:00:00,15.8239
"1127",2023-01-11 09:00:00,15.815
"1128",2023-01-11 10:00:00,15.8405
"1129",2023-01-11 11:00:00,15.8553
"1130",2023-01-11 12:00:00,15.8588
"1131",2023-01-11 13:00:00,15.8692
"1132",2023-01-11 14:00:00,15.8754
"1133",2023-01-11 15:00:00,15.8692
"1134",2023-01-11 16:00:00,15.8612
"1135",2023-01-11 17:00:00,15.8528
"1136",2023-01-11 18:00:00,15.8604
"1137",2023-01-11 19:00:00,15.8497
"1138",2023-01-11 20:00:00,15.8533
"1139",2023-01-11 21:00:00,15.8503
"1140",2023-01-11 22:00:00,15.8449
"1141",2023-01-11 23:00:00,15.8377
"1142",2023-01-12 00:00:00,15.8374
"1143",2023-01-12 01:00:00,15.836
"1144",2023-01-12 02:00:00,15.8294
"1145",2023-01-12 03:00:00,15.8239
"1146",2023-01-12 04:00:00,15.8286
"1147",2023-01-12 05:00:00,15.8214
"1148",2023-01-12 06:00:00,15.8214
"1149",2023-01-12 07:00:00,15.8135
"1150",2023-01-12 08:00:00,15.8159
"1151",2023-01-12 09:00:00,15.8179
"1152",2023-01-12 10:00:00,15.8263
"1153",2023-01-12 11:00:00,15.8374
"1154",2023-01-12 12:00:00,15.8385
"1155",2023-01-12 13:00:00,15.8453
"1156",2023-01-12 14:00:00,15.8623
"1157",2023-01-12 15:00:00,15.8398
"1158",2023-01-12 16:00:00,15.8239
"1159",2023-01-12 17:00:00,15.8263
"1160",2023-01-12 18:00:00,15.7821
"1161",2023-01-12 19:00:00,15.8078
"1162",2023-01-12 20:00:00,15.8026
"1163",2023-01-12 21:00:00,15.8055
"1164",2023-01-12 22:00:00,15.8055
"1165",2023-01-12 23:00:00,15.8024
"1166",2023-01-13 00:00:00,15.794
"1167",2023-01-13 01:00:00,15.7951
"1168",2023-01-13 02:00:00,15.7889
"1169",2023-01-13 03:00:00,15.7931
"1170",2023-01-13 04:00:00,15.8188
"1171",2023-01-13 05:00:00,15.7423
"1172",2023-01-13 06:00:00,15.8477
"1173",2023-01-13 07:00:00,15.879
"1174",2023-01-13 08:00:00,15.8055
"1175",2023-01-13 09:00:00,15.7948
"1176",2023-01-13 10:00:00,15.795
"1177",2023-01-13 11:00:00,15.7865
"1178",2023-01-13 12:00:00,15.8109
"1179",2023-01-13 13:00:00,15.8239
"1180",2023-01-13 14:00:00,15.8429
"1181",2023-01-13 15:00:00,15.827
"1182",2023-01-13 16:00:00,15.8245
"1183",2023-01-13 17:00:00,15.819
"1184",2023-01-13 18:00:00,15.7571
"1185",2023-01-13 19:00:00,15.7467
"1186",2023-01-13 20:00:00,15.7546
"1187",2023-01-13 21:00:00,15.7602
"1188",2023-01-13 22:00:00,15.7376
"1189",2023-01-13 23:00:00,15.7376
"1190",2023-01-14 00:00:00,15.7316
"1191",2023-01-14 01:00:00,15.7402
"1192",2023-01-14 02:00:00,15.7443
"1193",2023-01-14 03:00:00,15.7496
"1194",2023-01-14 04:00:00,15.7546
"1195",2023-01-14 05:00:00,15.7602
"1196",2023-01-14 06:00:00,15.7867
"1197",2023-01-14 07:00:00,15.7841
"1198",2023-01-14 08:00:00,15.7784
"1199",2023-01-14 09:00:00,15.7841
"1200",2023-01-14 10:00:00,15.7896
"1201",2023-01-14 11:00:00,15.7865
"1202",2023-01-14 12:00:00,15.7891
"1203",2023-01-14 13:00:00,15.796
"1204",2023-01-14 14:00:00,15.7931
"1205",2023-01-14 15:00:00,15.7945
"1206",2023-01-14 16:00:00,15.7737
"1207",2023-01-14 17:00:00,15.7548
"1208",2023-01-14 18:00:00,15.7582
"1209",2023-01-14 19:00:00,15.7541
"1210",2023-01-14 20:00:00,15.7363
"1211",2023-01-14 21:00:00,15.7308
"1212",2023-01-14 22:00:00,15.7302
"1213",2023-01-14 23:00:00,15.7228
"1214",2023-01-15 00:00:00,15.7228
"1215",2023-01-15 01:00:00,15.7057
"1216",2023-01-15 02:00:00,15.7148
"1217",2023-01-15 03:00:00,15.7148
"1218",2023-01-15 04:00:00,15.7077
"1219",2023-01-15 05:00:00,15.6962
"1220",2023-01-15 06:00:00,15.7062
"1221",2023-01-15 07:00:00,15.7013
"1222",2023-01-15 08:00:00,15.7039
"1223",2023-01-15 09:00:00,15.7037
"1224",2023-01-15 10:00:00,15.7013
"1225",2023-01-15 11:00:00,15.7037
"1226",2023-01-15 12:00:00,15.7172
"1227",2023-01-15 13:00:00,15.7602
"1228",2023-01-15 14:00:00,15.7444
"1229",2023-01-15 15:00:00,15.7465
"1230",2023-01-15 16:00:00,15.7356
"1231",2023-01-15 17:00:00,15.7172
"1232",2023-01-15 18:00:00,15.7006
"1233",2023-01-15 19:00:00,15.6973
"1234",2023-01-15 20:00:00,15.6927
"1235",2023-01-15 21:00:00,15.6797
"1236",2023-01-15 22:00:00,15.6719
"1237",2023-01-15 23:00:00,15.6493
"1238",2023-01-16 00:00:00,15.6314
"1239",2023-01-16 01:00:00,15.6329
"1240",2023-01-16 02:00:00,15.6357
"1241",2023-01-16 03:00:00,15.661
"1242",2023-01-16 04:00:00,15.6528
"1243",2023-01-16 05:00:00,15.6535
"1244",2023-01-16 06:00:00,15.6493
"1245",2023-01-16 07:00:00,15.6314
"1246",2023-01-16 08:00:00,15.6343
"1247",2023-01-16 09:00:00,15.6369
"1248",2023-01-16 10:00:00,15.6286
"1249",2023-01-16 11:00:00,15.6314
"1250",2023-01-16 12:00:00,15.6369
"1251",2023-01-16 13:00:00,15.6393
"1252",2023-01-16 14:00:00,15.6376
"1253",2023-01-16 15:00:00,15.6289
"1254",2023-01-16 16:00:00,15.6174
"1255",2023-01-16 17:00:00,15.6105
"1256",2023-01-16 18:00:00,15.597
"1257",2023-01-16 19:00:00,15.578
"1258",2023-01-16 20:00:00,15.5703
"1259",2023-01-16 21:00:00,15.5676
"1260",2023-01-16 22:00:00,15.5567
"1261",2023-01-16 23:00:00,15.5541
"1262",2023-01-17 00:00:00,15.5301
"1263",2023-01-17 01:00:00,15.51
"1264",2023-01-17 02:00:00,15.5066
"1265",2023-01-17 03:00:00,15.5081
"1266",2023-01-17 04:00:00,15.4923
"1267",2023-01-17 05:00:00,15.5006
"1268",2023-01-17 06:00:00,15.4944
"1269",2023-01-17 07:00:00,15.4705
"1270",2023-01-17 08:00:00,15.4836
"1271",2023-01-17 09:00:00,15.4847
"1272",2023-01-17 10:00:00,15.476
"1273",2023-01-17 11:00:00,15.5135
"1274",2023-01-17 12:00:00,15.5146
"1275",2023-01-17 13:00:00,15.4925
"1276",2023-01-17 14:00:00,15.4819
"1277",2023-01-17 15:00:00,15.4736
"1278",2023-01-17 16:00:00,15.4736
"1279",2023-01-17 17:00:00,15.4361
"1280",2023-01-17 18:00:00,15.4425
"1281",2023-01-17 19:00:00,15.4233
"1282",2023-01-17 20:00:00,15.4202
"1283",2023-01-17 21:00:00,15.4146
"1284",2023-01-17 22:00:00,15.3962
"1285",2023-01-17 23:00:00,15.3691
"1286",2023-01-18 00:00:00,15.3731
"1287",2023-01-18 01:00:00,15.3376
"1288",2023-01-18 02:00:00,15.3287
"1289",2023-01-18 03:00:00,15.2969
"1290",2023-01-18 04:00:00,15.3021
"1291",2023-01-18 05:00:00,15.2941
"1292",2023-01-18 06:00:00,15.2546
"1293",2023-01-18 07:00:00,15.2757
"1294",2023-01-18 08:00:00,15.2306
"1295",2023-01-18 09:00:00,15.2455
"1296",2023-01-18 10:00:00,15.247
"1297",2023-01-18 11:00:00,15.2965
"1298",2023-01-18 12:00:00,15.3021
"1299",2023-01-18 13:00:00,15.3205
"1300",2023-01-18 14:00:00,15.3076
"1301",2023-01-18 15:00:00,15.2621
"1302",2023-01-18 16:00:00,15.259
"1303",2023-01-18 17:00:00,15.2461
"1304",2023-01-18 18:00:00,15.2461
"1305",2023-01-18 19:00:00,15.1967
"1306",2023-01-18 20:00:00,15.2246
"1307",2023-01-18 21:00:00,15.187
"1308",2023-01-18 22:00:00,15.1947
"1309",2023-01-18 23:00:00,15.1859
"1310",2023-01-19 00:00:00,15.1544
"1311",2023-01-19 01:00:00,15.1759
"1312",2023-01-19 02:00:00,15.1728
"1313",2023-01-19 03:00:00,15.1759
"1314",2023-01-19 04:00:00,15.2135
"1315",2023-01-19 05:00:00,15.2269
"1316",2023-01-19 06:00:00,15.245
"1317",2023-01-19 07:00:00,15.2295
"1318",2023-01-19 08:00:00,15.2135
"1319",2023-01-19 09:00:00,15.2215
"1320",2023-01-19 10:00:00,15.2095
"1321",2023-01-19 11:00:00,15.203
"1322",2023-01-19 12:00:00,15.2135
"1323",2023-01-19 13:00:00,15.2115
"1324",2023-01-19 14:00:00,15.2204
"1325",2023-01-19 15:00:00,15.2075
"1326",2023-01-19 16:00:00,15.1975
"1327",2023-01-19 17:00:00,15.1888
"1328",2023-01-19 18:00:00,15.1599
"1329",2023-01-19 19:00:00,15.1624
"1330",2023-01-19 20:00:00,15.1575
"1331",2023-01-19 21:00:00,15.1568
"1332",2023-01-19 22:00:00,15.1432
"1333",2023-01-19 23:00:00,15.1323
"1334",2023-01-20 00:00:00,15.13
"1335",2023-01-20 01:00:00,14.9839
"1336",2023-01-20 02:00:00,15.0387
"1337",2023-01-20 03:00:00,15.1032
"1338",2023-01-20 04:00:00,15.0936
"1339",2023-01-20 05:00:00,15.1077
"1340",2023-01-20 06:00:00,15.1058
"1341",2023-01-20 07:00:00,15.1169
"1342",2023-01-20 08:00:00,15.1395
"1343",2023-01-20 09:00:00,15.1434
"1344",2023-01-20 10:00:00,15.1568
"1345",2023-01-20 11:00:00,15.1673
"1346",2023-01-20 12:00:00,15.1679
"1347",2023-01-20 13:00:00,15.1483
"1348",2023-01-20 14:00:00,15.1784
"1349",2023-01-20 15:00:00,15.1864
"1350",2023-01-20 16:00:00,15.1815
"1351",2023-01-20 17:00:00,15.1867
"1352",2023-01-20 18:00:00,15.1759
"1353",2023-01-20 19:00:00,15.1655
"1354",2023-01-20 20:00:00,15.1784
"1355",2023-01-20 21:00:00,15.147
"1356",2023-01-20 22:00:00,15.1655
"1357",2023-01-20 23:00:00,15.2104
"1358",2023-01-21 00:00:00,15.2133
"1359",2023-01-21 01:00:00,15.2066
"1360",2023-01-21 02:00:00,15.2029
"1361",2023-01-21 03:00:00,15.1919
"1362",2023-01-21 04:00:00,15.1815
"1363",2023-01-21 05:00:00,15.1841
"1364",2023-01-21 06:00:00,15.1779
"1365",2023-01-21 07:00:00,15.1568
"1366",2023-01-21 08:00:00,15.1512
"1367",2023-01-21 09:00:00,15.1368
"1368",2023-01-21 10:00:00,15.1499
"1369",2023-01-21 11:00:00,15.1571
"1370",2023-01-21 12:00:00,15.1599
"1371",2023-01-21 13:00:00,15.1544
"1372",2023-01-21 14:00:00,15.1319
"1373",2023-01-21 15:00:00,15.1032
"1374",2023-01-21 16:00:00,15.1008
"1375",2023-01-21 17:00:00,15.0872
"1376",2023-01-21 18:00:00,15.0736
"1377",2023-01-21 19:00:00,15.0707
"1378",2023-01-21 20:00:00,15.0707
"1379",2023-01-21 21:00:00,15.0632
"1380",2023-01-21 22:00:00,15.0496
"1381",2023-01-21 23:00:00,15.0416
"1382",2023-01-22 00:00:00,15.0512
"1383",2023-01-22 01:00:00,15.0545
"1384",2023-01-22 02:00:00,15.0496
"1385",2023-01-22 03:00:00,15.032
"1386",2023-01-22 04:00:00,15.0336
"1387",2023-01-22 05:00:00,15.0311
"1388",2023-01-22 06:00:00,15.0333
"1389",2023-01-22 07:00:00,15.02
"1390",2023-01-22 08:00:00,15.0145
"1391",2023-01-22 09:00:00,15.0138
"1392",2023-01-22 10:00:00,15.0176
"1393",2023-01-22 11:00:00,15.0345
"1394",2023-01-22 12:00:00,15.0364
"1395",2023-01-22 13:00:00,15.0146
"1396",2023-01-22 14:00:00,15.012
"1397",2023-01-22 15:00:00,15.0225
"1398",2023-01-22 16:00:00,15.02
"1399",2023-01-22 17:00:00,14.9989
"1400",2023-01-22 18:00:00,15.0092
"1401",2023-01-22 19:00:00,15.0196
"1402",2023-01-22 20:00:00,15.0064
"1403",2023-01-22 21:00:00,14.9944
"1404",2023-01-22 22:00:00,14.9984
"1405",2023-01-22 23:00:00,15.0012
"1406",2023-01-23 00:00:00,15.0115
"1407",2023-01-23 01:00:00,15.0012
"1408",2023-01-23 02:00:00,15.0021
"1409",2023-01-23 03:00:00,14.9929
"1410",2023-01-23 04:00:00,15.0033
"1411",2023-01-23 05:00:00,15.004
"1412",2023-01-23 06:00:00,15.012
"1413",2023-01-23 07:00:00,15.012
"1414",2023-01-23 08:00:00,15.004
"1415",2023-01-23 09:00:00,15.0176
"1416",2023-01-23 10:00:00,15.0148
"1417",2023-01-27 11:00:00,14.5063
"1418",2023-01-27 12:00:00,14.5998
"1419",2023-01-27 13:00:00,14.6321
"1420",2023-01-27 14:00:00,14.6269
"1421",2023-01-27 15:00:00,14.6216
"1422",2023-01-27 16:00:00,14.6216
"1423",2023-01-27 17:00:00,14.6183
"1424",2023-01-27 18:00:00,14.6227
"1425",2023-01-27 19:00:00,14.608
"1426",2023-01-27 20:00:00,14.6054
"1427",2023-01-27 21:00:00,14.6108
"1428",2023-01-27 22:00:00,14.6185
"1429",2023-01-27 23:00:00,14.6433
"1430",2023-01-28 00:00:00,14.6467
"1431",2023-01-28 01:00:00,14.6446
"1432",2023-01-28 02:00:00,14.6546
"1433",2023-01-28 03:00:00,14.6428
"1434",2023-01-28 04:00:00,14.6459
"1435",2023-01-28 05:00:00,14.6405
"1436",2023-01-28 06:00:00,14.6321
"1437",2023-01-28 07:00:00,14.6377
"1438",2023-01-28 08:00:00,14.6375
"1439",2023-01-28 09:00:00,14.6216
"1440",2023-01-28 10:00:00,14.6405
"1441",2023-01-28 11:00:00,14.6535
"1442",2023-01-28 12:00:00,14.6686
"1443",2023-01-28 13:00:00,14.6989
"1444",2023-01-28 14:00:00,14.7087
"1445",2023-01-28 15:00:00,14.6915
"1446",2023-01-28 16:00:00,14.6669
"1447",2023-01-28 17:00:00,14.6402
"1448",2023-01-28 18:00:00,14.6001
"1449",2023-01-28 19:00:00,14.6321
"1450",2023-01-28 20:00:00,14.6321
"1451",2023-01-28 21:00:00,14.6136
"1452",2023-01-28 22:00:00,14.6185
"1453",2023-01-28 23:00:00,14.6064
"1454",2023-01-29 00:00:00,14.6129
"1455",2023-01-29 01:00:00,14.6
"1456",2023-01-29 02:00:00,14.5807
"1457",2023-01-29 03:00:00,14.5622
"1458",2023-01-29 04:00:00,14.5727
"1459",2023-01-29 05:00:00,14.5682
"1460",2023-01-29 06:00:00,14.5727
"1461",2023-01-29 07:00:00,14.5687
"1462",2023-01-29 08:00:00,14.5667
"1463",2023-01-29 09:00:00,14.5622
"1464",2023-01-29 10:00:00,14.5687
"1465",2023-01-29 11:00:00,14.5809
"1466",2023-01-29 12:00:00,14.5919
"1467",2023-01-29 13:00:00,14.5924
"1468",2023-01-29 14:00:00,14.5919
"1469",2023-01-29 15:00:00,14.5752
"1470",2023-01-29 16:00:00,14.5696
"1471",2023-01-29 17:00:00,14.5552
"1472",2023-01-29 18:00:00,14.5535
"1473",2023-01-29 19:00:00,14.5349
"1474",2023-01-29 20:00:00,14.5325
"1475",2023-01-29 21:00:00,14.5436
"1476",2023-01-29 22:00:00,14.543
"1477",2023-01-29 23:00:00,14.5233
"1478",2023-01-30 00:00:00,14.5244
"1479",2023-01-30 01:00:00,14.5318
"1480",2023-01-30 02:00:00,14.5269
"1481",2023-01-30 03:00:00,14.5213
"1482",2023-01-30 04:00:00,14.5197
"1483",2023-01-30 05:00:00,14.5063
"1484",2023-01-30 06:00:00,14.5077
"1485",2023-01-30 07:00:00,14.4967
"1486",2023-01-30 08:00:00,14.4951
"1487",2023-01-30 09:00:00,14.5052
"1488",2023-01-30 10:00:00,14.5101
"1489",2023-01-30 11:00:00,14.5188
"1490",2023-01-30 12:00:00,14.5257
"1491",2023-01-30 13:00:00,14.5402
"1492",2023-01-30 14:00:00,14.551
"1493",2023-01-30 15:00:00,14.5647
"1494",2023-01-30 16:00:00,14.5405
"1495",2023-01-30 17:00:00,14.4917
"1496",2023-01-30 18:00:00,14.4779
"1497",2023-01-30 19:00:00,14.4835
"1498",2023-01-30 20:00:00,14.4699
"1499",2023-01-30 21:00:00,14.4753
"1500",2023-01-30 22:00:00,14.4651
"1501",2023-01-30 23:00:00,14.476
"1502",2023-01-31 00:00:00,14.469
"1503",2023-01-31 01:00:00,14.4618
"1504",2023-01-31 02:00:00,14.4638
"1505",2023-01-31 03:00:00,14.4502
"1506",2023-01-31 04:00:00,14.4538
"1507",2023-01-31 05:00:00,14.4538
"1508",2023-01-31 06:00:00,14.4569
"1509",2023-01-31 07:00:00,14.4519
"1510",2023-01-31 08:00:00,14.4513
"1511",2023-01-31 09:00:00,14.4594
"1512",2023-01-31 10:00:00,14.4756
"1513",2023-01-31 11:00:00,14.5097
"1514",2023-01-31 12:00:00,14.5481
"1515",2023-01-31 13:00:00,14.5715
"1516",2023-01-31 14:00:00,14.5542
"1517",2023-01-31 15:00:00,14.537
"1518",2023-01-31 16:00:00,14.5325
"1519",2023-01-31 17:00:00,14.5249
"1520",2023-01-31 18:00:00,14.5023
"1521",2023-01-31 19:00:00,14.4634
"1522",2023-01-31 20:00:00,14.4674
"1523",2023-01-31 21:00:00,14.4786
"1524",2023-01-31 22:00:00,14.4705
"1525",2023-01-31 23:00:00,14.4638
"1526",2023-02-01 00:00:00,14.4628
"1527",2023-02-01 01:00:00,14.4649
"1528",2023-02-01 02:00:00,14.4575
"1529",2023-02-01 03:00:00,14.4592
"1530",2023-02-01 04:00:00,14.4566
"1531",2023-02-01 05:00:00,14.4511
"1532",2023-02-01 06:00:00,14.4513
"1533",2023-02-01 07:00:00,14.4346
"1534",2023-02-01 08:00:00,14.4433
"1535",2023-02-01 09:00:00,14.4401
"1536",2023-02-01 10:00:00,14.4614
"1537",2023-02-01 11:00:00,14.5133
"1538",2023-02-01 12:00:00,14.5131
"1539",2023-02-01 13:00:00,14.6105
"1540",2023-02-01 14:00:00,14.5803
"1541",2023-02-01 15:00:00,14.551
"1542",2023-02-01 16:00:00,14.53
"1543",2023-02-01 17:00:00,14.5055
"1544",2023-02-01 18:00:00,14.4947
"1545",2023-02-01 19:00:00,14.4811
"1546",2023-02-01 20:00:00,14.4674
"1547",2023-02-01 21:00:00,14.4513
"1548",2023-02-01 22:00:00,14.4485
"1549",2023-02-01 23:00:00,14.4271
"1550",2023-02-02 00:00:00,14.4321
"1551",2023-02-02 01:00:00,14.4265
"1552",2023-02-02 02:00:00,14.424
"1553",2023-02-02 03:00:00,14.4216
"1554",2023-02-02 04:00:00,14.4119
"1555",2023-02-02 05:00:00,14.4105
"1556",2023-02-02 06:00:00,14.4027
"1557",2023-02-02 07:00:00,14.4054
"1558",2023-02-02 08:00:00,14.4059
"1559",2023-02-02 09:00:00,14.4079
"1560",2023-02-02 10:00:00,14.4377
"1561",2023-02-02 11:00:00,14.4723
"1562",2023-02-02 12:00:00,14.5294
"1563",2023-02-02 13:00:00,14.5419
"1564",2023-02-02 14:00:00,14.543
"1565",2023-02-02 15:00:00,14.5184
"1566",2023-02-02 16:00:00,14.4654
"1567",2023-02-02 17:00:00,14.4699
"1568",2023-02-02 18:00:00,14.4327
"1569",2023-02-02 19:00:00,14.4184
"1570",2023-02-02 20:00:00,14.4109
"1571",2023-02-02 21:00:00,14.3837
"1572",2023-02-02 22:00:00,14.3893
"1573",2023-02-02 23:00:00,14.4023
"1574",2023-02-03 00:00:00,14.3826
"1575",2023-02-03 01:00:00,14.3842
"1576",2023-02-03 02:00:00,14.3811
"1577",2023-02-03 03:00:00,14.3575
"1578",2023-02-03 04:00:00,14.3378
"1579",2023-02-03 05:00:00,14.3422
"1580",2023-02-03 06:00:00,14.3515
"1581",2023-02-03 07:00:00,14.3464
"1582",2023-02-03 08:00:00,14.352
"1583",2023-02-03 09:00:00,14.3484
"1584",2023-02-03 10:00:00,14.3946
"1585",2023-02-03 11:00:00,14.4408
"1586",2023-02-03 12:00:00,14.4618
"1587",2023-02-03 13:00:00,14.573
"1588",2023-02-03 14:00:00,14.5863
"1589",2023-02-03 15:00:00,14.5586
"1590",2023-02-03 16:00:00,14.532
"1591",2023-02-03 17:00:00,14.5137
"1592",2023-02-03 18:00:00,14.4649
"1593",2023-02-03 19:00:00,14.4332
"1594",2023-02-03 20:00:00,14.4296
"1595",2023-02-03 21:00:00,14.3974
"1596",2023-02-03 22:00:00,14.3873
"1597",2023-02-03 23:00:00,14.3972
"1598",2023-02-04 00:00:00,14.3837
"1599",2023-02-04 01:00:00,14.3753
"1600",2023-02-04 02:00:00,14.3701
"1601",2023-02-04 03:00:00,14.3645
"1602",2023-02-04 04:00:00,14.3564
"1603",2023-02-04 05:00:00,14.3431
"1604",2023-02-04 06:00:00,14.3273
"1605",2023-02-04 07:00:00,14.3161
"1606",2023-02-04 08:00:00,14.3161
"1607",2023-02-04 09:00:00,14.3242
"1608",2023-02-04 10:00:00,14.3448
"1609",2023-02-04 11:00:00,14.403
"1610",2023-02-04 12:00:00,14.426
"1611",2023-02-04 13:00:00,14.4614
"1612",2023-02-04 14:00:00,14.4972
"1613",2023-02-04 15:00:00,14.4891
"1614",2023-02-04 16:00:00,14.4674
"1615",2023-02-04 17:00:00,14.413
"1616",2023-02-04 18:00:00,14.3858
"1617",2023-02-04 19:00:00,14.3701
"1618",2023-02-04 20:00:00,14.3869
"1619",2023-02-04 21:00:00,14.3667
"1620",2023-02-04 22:00:00,14.3602
"1621",2023-02-04 23:00:00,14.3484
"1622",2023-02-05 00:00:00,14.3459
"1623",2023-02-05 01:00:00,14.3459
"1624",2023-02-05 02:00:00,14.3428
"1625",2023-02-05 03:00:00,14.3081
"1626",2023-02-05 04:00:00,14.2989
"1627",2023-02-05 05:00:00,14.289
"1628",2023-02-05 06:00:00,14.2919
"1629",2023-02-05 07:00:00,14.3033
"1630",2023-02-05 08:00:00,14.3025
"1631",2023-02-05 09:00:00,14.3036
"1632",2023-02-05 10:00:00,14.3222
"1633",2023-02-05 11:00:00,14.3242
"1634",2023-02-05 12:00:00,14.3721
"1635",2023-02-05 13:00:00,14.3757
"1636",2023-02-05 14:00:00,14.3448
"1637",2023-02-05 15:00:00,14.3025
"1638",2023-02-05 16:00:00,14.2888
"1639",2023-02-05 17:00:00,14.2828
"1640",2023-02-05 18:00:00,14.3296
"1641",2023-02-05 19:00:00,14.3246
"1642",2023-02-05 20:00:00,14.3696
"1643",2023-02-05 21:00:00,14.3999
"1644",2023-02-05 22:00:00,14.3737
"1645",2023-02-05 23:00:00,14.364
"1646",2023-02-06 00:00:00,14.3788
"1647",2023-02-06 01:00:00,14.3676
"1648",2023-02-06 02:00:00,14.3484
"1649",2023-02-06 03:00:00,14.3321
"1650",2023-02-06 04:00:00,14.3105
"1651",2023-02-06 05:00:00,14.3025
"1652",2023-02-06 06:00:00,14.2503
"1653",2023-02-06 07:00:00,14.2185
"1654",2023-02-06 08:00:00,14.2373
"1655",2023-02-06 09:00:00,14.2697
"1656",2023-02-06 10:00:00,14.2696
"1657",2023-02-06 11:00:00,14.2835
"1658",2023-02-06 12:00:00,14.2883
"1659",2023-02-06 13:00:00,14.2893
"1660",2023-02-06 14:00:00,14.2919
"1661",2023-02-06 15:00:00,14.2852
"1662",2023-02-06 16:00:00,14.2828
"1663",2023-02-06 17:00:00,14.2835
"1664",2023-02-06 18:00:00,14.2762
"1665",2023-02-06 19:00:00,14.2641
"1666",2023-02-06 20:00:00,14.259
"1667",2023-02-06 21:00:00,14.2453
"1668",2023-02-06 22:00:00,14.2541
"1669",2023-02-06 23:00:00,14.2509
"1670",2023-02-07 00:00:00,14.2409
"1671",2023-02-07 01:00:00,14.2348
"1672",2023-02-07 02:00:00,14.2292
"1673",2023-02-07 03:00:00,14.2106
"1674",2023-02-07 04:00:00,14.2075
"1675",2023-02-07 05:00:00,14.2194
"1676",2023-02-07 06:00:00,14.2095
"1677",2023-02-07 07:00:00,14.1938
"1678",2023-02-07 08:00:00,14.2019
"1679",2023-02-07 09:00:00,14.2242
"1680",2023-02-07 10:00:00,14.2292
"1681",2023-02-07 11:00:00,14.2486
"1682",2023-02-07 12:00:00,14.243
"1683",2023-02-07 13:00:00,14.255
"1684",2023-02-07 14:00:00,14.2485
"1685",2023-02-07 15:00:00,14.2317
"1686",2023-02-07 16:00:00,14.2312
"1687",2023-02-07 17:00:00,14.2162
"1688",2023-02-07 18:00:00,14.2075
"1689",2023-02-07 19:00:00,14.2211
"1690",2023-02-07 20:00:00,14.2106
"1691",2023-02-07 21:00:00,14.1994
"1692",2023-02-07 22:00:00,14.2075
"1693",2023-02-07 23:00:00,14.2025
"1694",2023-02-08 00:00:00,14.1966
"1695",2023-02-08 01:00:00,14.205
"1696",2023-02-08 02:00:00,14.1994
"1697",2023-02-08 03:00:00,14.2
"1698",2023-02-08 04:00:00,14.1857
"1699",2023-02-08 05:00:00,14.1888
"1700",2023-02-08 06:00:00,14.1525
"1701",2023-02-08 07:00:00,14.1699
"1702",2023-02-08 08:00:00,14.1913
"1703",2023-02-08 09:00:00,14.1938
"1704",2023-02-08 10:00:00,14.1918
"1705",2023-02-08 11:00:00,14.1996
"1706",2023-02-08 12:00:00,14.1994
"1707",2023-02-08 13:00:00,14.2019
"1708",2023-02-08 14:00:00,14.1933
"1709",2023-02-08 15:00:00,14.1913
"1710",2023-02-08 16:00:00,14.1879
"1711",2023-02-08 17:00:00,14.1752
"1712",2023-02-08 18:00:00,14.1727
"1713",2023-02-08 19:00:00,14.1727
"1714",2023-02-08 20:00:00,14.1646
"1715",2023-02-08 21:00:00,14.1701
"1716",2023-02-08 22:00:00,14.159
"1717",2023-02-08 23:00:00,14.1808
"1718",2023-02-09 00:00:00,14.159
"1719",2023-02-09 01:00:00,14.1776
"1720",2023-02-09 02:00:00,14.1727
"1721",2023-02-09 03:00:00,14.1697
"1722",2023-02-09 04:00:00,14.1843
"1723",2023-02-09 05:00:00,14.1696
"1724",2023-02-09 06:00:00,14.159
"1725",2023-02-09 07:00:00,14.1778
"1726",2023-02-09 08:00:00,14.1823
"1727",2023-02-09 09:00:00,14.189
"1728",2023-02-09 10:00:00,14.2038
"1729",2023-02-09 11:00:00,14.1843
"1730",2023-02-09 12:00:00,14.1913
"1731",2023-02-09 13:00:00,14.1913
"1732",2023-02-09 14:00:00,14.1888
"1733",2023-02-09 15:00:00,14.1832
"1734",2023-02-09 16:00:00,14.1696
"1735",2023-02-09 17:00:00,14.1646
"1736",2023-02-09 18:00:00,14.1701
"1737",2023-02-09 19:00:00,14.1691
"1738",2023-02-09 20:00:00,14.1672
"1739",2023-02-09 21:00:00,14.1453
"1740",2023-02-09 22:00:00,14.1397
"1741",2023-02-09 23:00:00,14.1282
"1742",2023-02-10 00:00:00,14.1453
"1743",2023-02-10 01:00:00,14.1422
"1744",2023-02-10 02:00:00,14.1342
"1745",2023-02-10 03:00:00,14.1328
"1746",2023-02-10 04:00:00,14.1049
"1747",2023-02-10 05:00:00,14.1236
"1748",2023-02-10 06:00:00,14.1074
"1749",2023-02-10 07:00:00,14.0917
"1750",2023-02-10 08:00:00,14.1195
"1751",2023-02-10 09:00:00,14.1317
"1752",2023-02-10 10:00:00,14.1508
"1753",2023-02-10 11:00:00,14.1646
"1754",2023-02-10 12:00:00,14.1941
"1755",2023-02-10 13:00:00,14.2267
"1756",2023-02-10 14:00:00,14.2328
"1757",2023-02-10 15:00:00,14.2267
"1758",2023-02-10 16:00:00,14.1868
"1759",2023-02-10 17:00:00,14.1671
"1760",2023-02-10 18:00:00,14.1346
"1761",2023-02-10 19:00:00,14.1225
"1762",2023-02-10 20:00:00,14.1211
"1763",2023-02-10 21:00:00,14.129
"1764",2023-02-10 22:00:00,14.1211
"1765",2023-02-10 23:00:00,14.1236
"1766",2023-02-11 00:00:00,14.1161
"1767",2023-02-11 01:00:00,14.111
"1768",2023-02-11 02:00:00,14.1261
"1769",2023-02-11 03:00:00,14.1292
"1770",2023-02-11 04:00:00,14.1211
"1771",2023-02-11 05:00:00,14.1292
"1772",2023-02-11 06:00:00,14.1318
"1773",2023-02-11 07:00:00,14.1307
"1774",2023-02-11 08:00:00,14.1439
"1775",2023-02-11 09:00:00,14.1509
"1776",2023-02-11 10:00:00,14.1787
"1777",2023-02-11 11:00:00,14.2292
"1778",2023-02-11 12:00:00,14.2708
"1779",2023-02-11 13:00:00,14.2893
"1780",2023-02-11 14:00:00,14.3009
"1781",2023-02-11 15:00:00,14.3
"1782",2023-02-11 16:00:00,14.2969
"1783",2023-02-11 17:00:00,14.2404
"1784",2023-02-11 18:00:00,14.2025
"1785",2023-02-11 19:00:00,14.1969
"1786",2023-02-11 20:00:00,14.2075
"1787",2023-02-11 21:00:00,14.2081
"1788",2023-02-11 22:00:00,14.2056
"1789",2023-02-11 23:00:00,14.1893
"1790",2023-02-12 00:00:00,14.1727
"1791",2023-02-12 01:00:00,14.1696
"1792",2023-02-12 02:00:00,14.1662
"1793",2023-02-12 03:00:00,14.159
"1794",2023-02-12 04:00:00,14.1453
"1795",2023-02-12 05:00:00,14.1509
"1796",2023-02-12 06:00:00,14.1505
"1797",2023-02-12 07:00:00,14.1261
"1798",2023-02-12 08:00:00,14.1429
"1799",2023-02-12 09:00:00,14.1509
"1800",2023-02-12 10:00:00,14.157
"1801",2023-02-12 11:00:00,14.2272
"1802",2023-02-12 12:00:00,14.235
"1803",2023-02-12 13:00:00,14.246
"1804",2023-02-12 14:00:00,14.2697
"1805",2023-02-12 15:00:00,14.2975
"1806",2023-02-12 16:00:00,14.2677
"1807",2023-02-12 17:00:00,14.2078
"1808",2023-02-12 18:00:00,14.159
"1809",2023-02-12 19:00:00,14.1453
"1810",2023-02-12 20:00:00,14.1267
"1811",2023-02-12 21:00:00,14.146
"1812",2023-02-12 22:00:00,14.1384
"1813",2023-02-12 23:00:00,14.1328
"1814",2023-02-13 00:00:00,14.1404
"1815",2023-02-13 01:00:00,14.1373
"1816",2023-02-13 02:00:00,14.1323
"1817",2023-02-13 03:00:00,14.1242
"1818",2023-02-13 04:00:00,14.1261
"1819",2023-02-13 05:00:00,14.1186
"1820",2023-02-13 06:00:00,14.113
"1821",2023-02-13 07:00:00,14.1195
"1822",2023-02-13 08:00:00,14.1155
"1823",2023-02-13 09:00:00,14.1292
"1824",2023-02-13 10:00:00,14.1429
"1825",2023-02-13 11:00:00,14.1631
"1826",2023-02-13 12:00:00,14.2402
"1827",2023-02-13 13:00:00,14.3484
"1828",2023-02-13 14:00:00,14.3192
"1829",2023-02-13 15:00:00,14.2621
"1830",2023-02-13 16:00:00,14.2458
"1831",2023-02-13 17:00:00,14.2455
"1832",2023-02-13 18:00:00,14.2404
"1833",2023-02-13 19:00:00,14.2299
"1834",2023-02-13 20:00:00,14.2095
"1835",2023-02-13 21:00:00,14.1823
"1836",2023-02-13 22:00:00,14.1727
"1837",2023-02-13 23:00:00,14.1509
"1838",2023-02-14 00:00:00,14.1404
"1839",2023-02-14 01:00:00,14.1404
"1840",2023-02-14 02:00:00,14.1453
"1841",2023-02-14 03:00:00,14.1397
"1842",2023-02-14 04:00:00,14.1292
"1843",2023-02-14 05:00:00,14.1289
"1844",2023-02-14 06:00:00,14.1317
"1845",2023-02-14 07:00:00,14.1241
"1846",2023-02-14 08:00:00,14.1242
"1847",2023-02-14 09:00:00,14.1317
"1848",2023-02-14 10:00:00,14.1565
"1849",2023-02-14 11:00:00,14.1832
"1850",2023-02-14 12:00:00,14.2977
"1851",2023-02-14 13:00:00,14.3354
"1852",2023-02-14 14:00:00,14.3681
"1853",2023-02-14 15:00:00,14.3347
"1854",2023-02-14 16:00:00,14.2874
"1855",2023-02-14 17:00:00,14.2489
"1856",2023-02-14 18:00:00,14.2242
"1857",2023-02-14 19:00:00,14.209
"1858",2023-02-14 20:00:00,14.1999
"1859",2023-02-14 21:00:00,14.2
"1860",2023-02-14 22:00:00,14.1994
"1861",2023-02-14 23:00:00,14.1676
"1862",2023-02-15 00:00:00,14.1516
"1863",2023-02-15 01:00:00,14.1379
"1864",2023-02-15 02:00:00,14.1323
"1865",2023-02-15 03:00:00,14.1348
"1866",2023-02-15 04:00:00,14.1216
"1867",2023-02-15 05:00:00,14.1077
"1868",2023-02-15 06:00:00,14.1049
"1869",2023-02-15 07:00:00,14.1018
"1870",2023-02-15 08:00:00,14.1025
"1871",2023-02-15 09:00:00,14.1094
"1872",2023-02-15 10:00:00,14.1242
"1873",2023-02-15 11:00:00,14.1486
"1874",2023-02-15 12:00:00,14.2751
"1875",2023-02-15 13:00:00,14.2981
"1876",2023-02-15 14:00:00,14.2863
"1877",2023-02-15 15:00:00,14.3092
"1878",2023-02-15 16:00:00,14.2904
"1879",2023-02-15 17:00:00,14.2677
"1880",2023-02-15 18:00:00,14.2565
"1881",2023-02-15 19:00:00,14.2374
"1882",2023-02-15 20:00:00,14.2025
"1883",2023-02-15 21:00:00,14.2005
"1884",2023-02-15 22:00:00,14.192
"1885",2023-02-15 23:00:00,14.1758
"1886",2023-02-16 00:00:00,14.1525
"1887",2023-02-16 01:00:00,14.1346
"1888",2023-02-16 02:00:00,14.1312
"1889",2023-02-16 03:00:00,14.1155
"1890",2023-02-16 04:00:00,14.1046
"1891",2023-02-16 05:00:00,14.1038
"1892",2023-02-16 06:00:00,14.0969
"1893",2023-02-16 07:00:00,14.0969
"1894",2023-02-16 08:00:00,14.0913
"1895",2023-02-16 09:00:00,14.0984
"1896",2023-02-16 10:00:00,14.1106
"1897",2023-02-16 11:00:00,14.1593
"1898",2023-02-16 12:00:00,14.1875
"1899",2023-02-16 13:00:00,14.2944
"1900",2023-02-16 14:00:00,14.2415
"1901",2023-02-16 15:00:00,14.2323
"1902",2023-02-16 16:00:00,14.205
"1903",2023-02-16 17:00:00,14.1702
"1904",2023-02-16 18:00:00,14.2222
"1905",2023-02-16 19:00:00,14.2025
"1906",2023-02-16 20:00:00,14.1944
"1907",2023-02-16 21:00:00,14.1839
"1908",2023-02-16 22:00:00,14.1712
"1909",2023-02-16 23:00:00,14.1596
"1910",2023-02-17 00:00:00,14.1621
"1911",2023-02-17 01:00:00,14.1388
"1912",2023-02-17 02:00:00,14.1429
"1913",2023-02-17 03:00:00,14.1379
"1914",2023-02-17 04:00:00,14.1323
"1915",2023-02-17 05:00:00,14.1239
"1916",2023-02-17 06:00:00,14.1211
"1917",2023-02-17 07:00:00,14.1106
"1918",2023-02-17 08:00:00,14.1034
"1919",2023-02-17 09:00:00,14.1081
"1920",2023-02-17 10:00:00,14.1241
"1921",2023-02-17 11:00:00,14.1843
"1922",2023-02-17 12:00:00,14.1864
"1923",2023-02-17 13:00:00,14.2513
"1924",2023-02-17 14:00:00,14.2789
"1925",2023-02-17 15:00:00,14.2521
"1926",2023-02-17 16:00:00,14.2218
"1927",2023-02-17 17:00:00,14.2112
"1928",2023-02-17 18:00:00,14.2231
"1929",2023-02-17 19:00:00,14.1944
"1930",2023-02-17 20:00:00,14.2056
"1931",2023-02-17 21:00:00,14.1972
"1932",2023-02-17 22:00:00,14.178
"1933",2023-02-17 23:00:00,14.1758
"1934",2023-02-18 00:00:00,14.1621
"1935",2023-02-18 01:00:00,14.1565
"1936",2023-02-18 02:00:00,14.1592
"1937",2023-02-18 03:00:00,14.1516
"1938",2023-02-18 04:00:00,14.1483
"1939",2023-02-18 05:00:00,14.1373
"1940",2023-02-18 06:00:00,14.1429
"1941",2023-02-18 07:00:00,14.1393
"1942",2023-02-18 08:00:00,14.1348
"1943",2023-02-18 09:00:00,14.1323
"1944",2023-02-18 10:00:00,14.1348
"1945",2023-02-18 11:00:00,14.1525
"1946",2023-02-18 12:00:00,14.1839
"1947",2023-02-18 13:00:00,14.1888
"1948",2023-02-18 14:00:00,14.1944
"1949",2023-02-18 15:00:00,14.1989
"1950",2023-02-18 16:00:00,14.1702
"1951",2023-02-18 17:00:00,14.1567
"1952",2023-02-18 18:00:00,14.1676
"1953",2023-02-18 19:00:00,14.0888
"1954",2023-02-18 20:00:00,14.0477
"1955",2023-02-18 21:00:00,14.018
"1956",2023-02-18 22:00:00,13.9583
"1957",2023-02-18 23:00:00,13.8391
"1958",2023-02-19 00:00:00,13.7354
"1959",2023-02-19 01:00:00,13.7406
"1960",2023-02-19 02:00:00,13.838
"1961",2023-02-19 03:00:00,13.8011
"1962",2023-02-19 04:00:00,13.7412
"1963",2023-02-19 05:00:00,13.7182
"1964",2023-02-19 06:00:00,13.7568
"1965",2023-02-19 07:00:00,13.8619
"1966",2023-02-19 08:00:00,13.7248
"1967",2023-02-19 09:00:00,13.8746
"1968",2023-02-19 10:00:00,13.9208
"1969",2023-02-19 11:00:00,14.0073
"1970",2023-02-19 12:00:00,14.0343
"1971",2023-02-19 13:00:00,14.1074
"1972",2023-02-19 14:00:00,14.1581
"1973",2023-02-19 15:00:00,14.1974
"1974",2023-02-19 16:00:00,14.1834
"1975",2023-02-19 17:00:00,14.1893
"1976",2023-02-19 18:00:00,14.1763
"1977",2023-02-19 19:00:00,14.1864
"1978",2023-02-19 20:00:00,14.1758
"1979",2023-02-19 21:00:00,14.2075
"1980",2023-02-19 22:00:00,14.2485
"1981",2023-02-19 23:00:00,14.2514
"1982",2023-02-20 00:00:00,14.2187
"1983",2023-02-20 01:00:00,14.1915
"1984",2023-02-20 02:00:00,14.1727
"1985",2023-02-20 03:00:00,14.1758
"1986",2023-02-20 04:00:00,14.205
"1987",2023-02-20 05:00:00,14.198
"1988",2023-02-20 06:00:00,14.2106
"1989",2023-02-20 07:00:00,14.1606
"1990",2023-02-20 08:00:00,14.1595
"1991",2023-02-20 09:00:00,14.2025
"1992",2023-02-20 10:00:00,14.2323
"1993",2023-02-20 11:00:00,14.2722
"1994",2023-02-20 12:00:00,14.2975
"1995",2023-02-20 13:00:00,14.2783
"1996",2023-02-20 14:00:00,14.3222
"1997",2023-02-20 15:00:00,14.3479
"1998",2023-02-20 16:00:00,14.2839
"1999",2023-02-20 17:00:00,14.1976
"2000",2023-02-20 18:00:00,14.1618
"2001",2023-02-20 19:00:00,14.1292
"2002",2023-02-20 20:00:00,14.1267
"2003",2023-02-20 21:00:00,14.1239
"2004",2023-02-20 22:00:00,14.1182
"2005",2023-02-20 23:00:00,14.1323
"2006",2023-02-21 00:00:00,14.1404
"2007",2023-02-21 01:00:00,14.1374
"2008",2023-02-21 02:00:00,14.1177
"2009",2023-02-21 03:00:00,14.113
"2010",2023-02-21 04:00:00,14.0832
"2011",2023-02-21 05:00:00,14.1186
"2012",2023-02-21 06:00:00,14.1137
"2013",2023-02-21 07:00:00,14.1155
"2014",2023-02-21 08:00:00,14.1186
"2015",2023-02-21 09:00:00,14.1267
"2016",2023-02-21 10:00:00,14.1429
"2017",2023-02-21 11:00:00,14.1597
"2018",2023-02-21 12:00:00,14.1864
"2019",2023-02-21 13:00:00,14.2112
"2020",2023-02-21 14:00:00,14.2758
"2021",2023-02-21 15:00:00,14.2789
"2022",2023-02-21 16:00:00,14.2789
"2023",2023-02-21 17:00:00,14.2323
"2024",2023-02-21 18:00:00,14.2083
"2025",2023-02-21 19:00:00,14.205
"2026",2023-02-21 20:00:00,14.2303
"2027",2023-02-21 21:00:00,14.2404
"2028",2023-02-21 22:00:00,14.2379
"2029",2023-02-21 23:00:00,14.2211
"2030",2023-02-22 00:00:00,14.186
"2031",2023-02-22 01:00:00,14.159
"2032",2023-02-22 02:00:00,14.1401
"2033",2023-02-22 03:00:00,14.1298
"2034",2023-02-22 04:00:00,14.1242
"2035",2023-02-22 05:00:00,14.1186
"2036",2023-02-22 06:00:00,14.111
"2037",2023-02-22 07:00:00,14.1239
"2038",2023-02-22 08:00:00,14.113
"2039",2023-02-22 09:00:00,14.1368
"2040",2023-02-22 10:00:00,14.1651
"2041",2023-02-22 11:00:00,14.1916
"2042",2023-02-22 12:00:00,14.2187
"2043",2023-02-22 13:00:00,14.2323
"2044",2023-02-22 14:00:00,14.2653
"2045",2023-02-22 15:00:00,14.3245
"2046",2023-02-22 16:00:00,14.3039
"2047",2023-02-22 17:00:00,14.3202
"2048",2023-02-22 18:00:00,14.3172
"2049",2023-02-22 19:00:00,14.3273
"2050",2023-02-22 20:00:00,14.3056
"2051",2023-02-22 21:00:00,14.2826
"2052",2023-02-22 22:00:00,14.2758
"2053",2023-02-22 23:00:00,14.3011
"2054",2023-02-23 00:00:00,14.3005
"2055",2023-02-23 01:00:00,14.2364
"2056",2023-02-23 02:00:00,14.2713
"2057",2023-02-23 03:00:00,14.2753
"2058",2023-02-23 04:00:00,14.2859
"2059",2023-02-23 05:00:00,14.2516
"2060",2023-02-23 06:00:00,14.2299
"2061",2023-02-23 07:00:00,14.2215
"2062",2023-02-23 08:00:00,14.2101
"2063",2023-02-23 09:00:00,14.2081
"2064",2023-02-23 10:00:00,14.2122
"2065",2023-02-23 11:00:00,14.2308
"2066",2023-02-23 12:00:00,14.2486
"2067",2023-02-23 13:00:00,14.2516
"2068",2023-02-23 14:00:00,14.2354
"2069",2023-02-23 15:00:00,14.2476
"2070",2023-02-23 16:00:00,14.2653
"2071",2023-02-23 17:00:00,14.2489
"2072",2023-02-23 18:00:00,14.2242
"2073",2023-02-23 19:00:00,14.205
"2074",2023-02-23 20:00:00,14.1763
"2075",2023-02-23 21:00:00,14.1565
"2076",2023-02-23 22:00:00,14.1541
"2077",2023-02-23 23:00:00,14.146
"2078",2023-02-24 00:00:00,14.146
"2079",2023-02-24 01:00:00,14.1292
"2080",2023-02-24 02:00:00,14.1323
"2081",2023-02-24 03:00:00,14.1315
"2082",2023-02-24 04:00:00,14.1317
"2083",2023-02-24 05:00:00,14.1197
"2084",2023-02-24 06:00:00,14.1312
"2085",2023-02-24 07:00:00,14.1267
"2086",2023-02-24 08:00:00,14.1339
"2087",2023-02-24 09:00:00,14.1298
"2088",2023-02-24 10:00:00,14.1511
"2089",2023-02-24 11:00:00,14.1837
"2090",2023-02-24 12:00:00,14.2893
"2091",2023-02-24 13:00:00,14.3416
"2092",2023-02-24 14:00:00,14.3124
"2093",2023-02-24 15:00:00,14.2646
"2094",2023-02-24 16:00:00,14.2435
"2095",2023-02-24 17:00:00,14.243
"2096",2023-02-24 18:00:00,14.2628
"2097",2023-02-24 19:00:00,14.2343
"2098",2023-02-24 20:00:00,14.2218
"2099",2023-02-24 21:00:00,14.2112
"2100",2023-02-24 22:00:00,14.2041
"2101",2023-02-24 23:00:00,14.1932
"2102",2023-02-25 00:00:00,14.1864
"2103",2023-02-25 01:00:00,14.1895
"2104",2023-02-25 02:00:00,14.1884
"2105",2023-02-25 03:00:00,14.1862
"2106",2023-02-25 04:00:00,14.1864
"2107",2023-02-25 05:00:00,14.1909
"2108",2023-02-25 06:00:00,14.189
"2109",2023-02-25 07:00:00,14.1888
"2110",2023-02-25 08:00:00,14.1915
"2111",2023-02-25 09:00:00,14.1929
"2112",2023-02-25 10:00:00,14.2
"2113",2023-02-25 11:00:00,14.2122
"2114",2023-02-25 12:00:00,14.2239
"2115",2023-02-25 13:00:00,14.2334
"2116",2023-02-25 14:00:00,14.239
"2117",2023-02-25 15:00:00,14.2677
"2118",2023-02-25 16:00:00,14.2733
"2119",2023-02-25 17:00:00,14.2572
"2120",2023-02-25 18:00:00,14.2404
"2121",2023-02-25 19:00:00,14.2198
"2122",2023-02-25 20:00:00,14.2067
"2123",2023-02-25 21:00:00,14.2056
"2124",2023-02-25 22:00:00,14.1969
"2125",2023-02-25 23:00:00,14.1926
"2126",2023-02-26 00:00:00,14.1895
"2127",2023-02-26 01:00:00,14.1808
"2128",2023-02-26 02:00:00,14.1783
"2129",2023-02-26 03:00:00,14.1783
"2130",2023-02-26 04:00:00,14.1839
"2131",2023-02-26 05:00:00,14.1862
"2132",2023-02-26 06:00:00,14.1836
"2133",2023-02-26 07:00:00,14.1758
"2134",2023-02-26 08:00:00,14.1783
"2135",2023-02-26 09:00:00,14.1803
"2136",2023-02-26 10:00:00,14.1814
"2137",2023-02-26 11:00:00,14.1839
"2138",2023-02-26 12:00:00,14.162
"2139",2023-02-26 13:00:00,14.1509
"2140",2023-02-26 14:00:00,14.1621
"2141",2023-02-26 15:00:00,14.1572
"2142",2023-02-26 16:00:00,14.0863
"2143",2023-02-26 17:00:00,14.0428
"2144",2023-02-26 18:00:00,14.0695
"2145",2023-02-26 19:00:00,14.1095
"2146",2023-02-26 20:00:00,14.1214
"2147",2023-02-26 21:00:00,14.1307
"2148",2023-02-26 22:00:00,14.1211
"2149",2023-02-26 23:00:00,14.1014
"2150",2023-02-27 00:00:00,14.1106
"2151",2023-02-27 01:00:00,14.1161
"2152",2023-02-27 02:00:00,14.1158
"2153",2023-02-27 03:00:00,14.0969
"2154",2023-02-27 04:00:00,14.0969
"2155",2023-02-27 05:00:00,14.0969
"2156",2023-02-27 06:00:00,14.0802
"2157",2023-02-27 07:00:00,14.0913
"2158",2023-02-27 08:00:00,14.0782
"2159",2023-02-27 09:00:00,14.0931
"2160",2023-02-27 10:00:00,14.0939
"2161",2023-02-27 11:00:00,14.1031
"2162",2023-02-27 12:00:00,14.1
"2163",2023-02-27 13:00:00,14.0993
"2164",2023-02-27 14:00:00,14.0728
"2165",2023-02-27 15:00:00,14.0726
"2166",2023-02-27 16:00:00,14.0776
"2167",2023-02-27 17:00:00,14.0543
"2168",2023-02-27 18:00:00,14.0566
"2169",2023-02-27 19:00:00,14.0401
"2170",2023-02-27 20:00:00,13.9905
"2171",2023-02-27 21:00:00,13.9995
"2172",2023-02-27 22:00:00,13.9997
"2173",2023-02-27 23:00:00,14.0073
"2174",2023-02-28 00:00:00,13.9861
"2175",2023-02-28 01:00:00,13.9861
"2176",2023-02-28 02:00:00,13.9663
"2177",2023-02-28 03:00:00,13.9562
"2178",2023-02-28 04:00:00,13.9447
"2179",2023-02-28 05:00:00,13.9455
"2180",2023-02-28 06:00:00,13.9095
"2181",2023-02-28 07:00:00,13.9268
"2182",2023-02-28 08:00:00,13.9257
"2183",2023-02-28 09:00:00,13.9482
"2184",2023-02-28 10:00:00,13.9541
"2185",2023-02-28 11:00:00,13.9805
"2186",2023-02-28 12:00:00,13.9967
"2187",2023-02-28 13:00:00,14.0023
"2188",2023-02-28 14:00:00,13.988
"2189",2023-02-28 15:00:00,13.978
"2190",2023-02-28 16:00:00,13.9724
"2191",2023-02-28 17:00:00,13.9637
"2192",2023-02-28 18:00:00,13.9556
"2193",2023-02-28 19:00:00,13.9551
"2194",2023-02-28 20:00:00,13.9603
"2195",2023-02-28 21:00:00,13.9502
"2196",2023-02-28 22:00:00,13.9425
"2197",2023-02-28 23:00:00,13.945
"2198",2023-03-01 00:00:00,13.9435
"2199",2023-03-01 01:00:00,13.9422
"2200",2023-03-01 02:00:00,13.9288
"2201",2023-03-01 03:00:00,13.9208
"2202",2023-03-01 04:00:00,13.9201
"2203",2023-03-01 05:00:00,13.932
"2204",2023-03-01 06:00:00,13.9288
"2205",2023-03-01 07:00:00,13.9183
"2206",2023-03-01 08:00:00,13.9208
"2207",2023-03-01 09:00:00,13.9345
"2208",2023-03-01 10:00:00,13.927
"2209",2023-03-01 11:00:00,13.9285
"2210",2023-03-01 12:00:00,13.9239
"2211",2023-03-01 13:00:00,13.9234
"2212",2023-03-01 14:00:00,13.9095
"2213",2023-03-01 15:00:00,13.907
"2214",2023-03-01 16:00:00,13.9021
"2215",2023-03-01 17:00:00,13.8799
"2216",2023-03-01 18:00:00,13.8585
"2217",2023-03-01 19:00:00,13.8492
"2218",2023-03-01 20:00:00,13.8628
"2219",2023-03-01 21:00:00,13.8679
"2220",2023-03-01 22:00:00,13.8583
"2221",2023-03-01 23:00:00,13.8692
"2222",2023-03-02 00:00:00,13.8659
"2223",2023-03-02 01:00:00,13.8746
"2224",2023-03-02 02:00:00,13.8715
"2225",2023-03-02 03:00:00,13.8666
"2226",2023-03-02 04:00:00,13.8636
"2227",2023-03-02 05:00:00,13.858
"2228",2023-03-02 06:00:00,13.8634
"2229",2023-03-02 07:00:00,13.8609
"2230",2023-03-02 08:00:00,13.8686
"2231",2023-03-02 09:00:00,13.8958
"2232",2023-03-02 10:00:00,13.9653
"2233",2023-03-02 11:00:00,14.107
"2234",2023-03-02 12:00:00,14.1915
"2235",2023-03-02 13:00:00,14.2702
"2236",2023-03-02 14:00:00,14.2935
"2237",2023-03-02 15:00:00,14.1794
"2238",2023-03-02 16:00:00,14.1169
"2239",2023-03-02 17:00:00,13.9693
"2240",2023-03-02 18:00:00,14.0169
"2241",2023-03-02 19:00:00,13.9978
"2242",2023-03-02 20:00:00,13.9396
"2243",2023-03-02 21:00:00,13.9236
"2244",2023-03-02 22:00:00,13.912
"2245",2023-03-02 23:00:00,13.903
"2246",2023-03-03 00:00:00,13.9176
"2247",2023-03-03 01:00:00,13.9151
"2248",2023-03-03 02:00:00,13.926
"2249",2023-03-03 03:00:00,13.9257
"2250",2023-03-03 04:00:00,13.9102
"2251",2023-03-03 05:00:00,13.9069
"2252",2023-03-03 06:00:00,13.9013
"2253",2023-03-03 07:00:00,13.896
"2254",2023-03-03 08:00:00,13.914
"2255",2023-03-03 09:00:00,13.9313
"2256",2023-03-03 10:00:00,13.9401
"2257",2023-03-03 11:00:00,13.9724
"2258",2023-03-03 12:00:00,14.0426
"2259",2023-03-03 13:00:00,14.1688
"2260",2023-03-03 14:00:00,14.1379
"2261",2023-03-03 15:00:00,14.1137
"2262",2023-03-03 16:00:00,14.0969
"2263",2023-03-03 17:00:00,14.0266
"2264",2023-03-03 18:00:00,14.054
"2265",2023-03-03 19:00:00,14.0944
"2266",2023-03-03 20:00:00,14.0347
"2267",2023-03-03 21:00:00,14.0022
"2268",2023-03-03 22:00:00,13.9936
"2269",2023-03-03 23:00:00,13.9643
"2270",2023-03-04 00:00:00,13.9453
"2271",2023-03-04 01:00:00,13.922
"2272",2023-03-04 02:00:00,13.9232
"2273",2023-03-04 03:00:00,13.926
"2274",2023-03-04 04:00:00,13.9151
"2275",2023-03-04 05:00:00,13.9016
"2276",2023-03-04 06:00:00,13.8933
"2277",2023-03-04 07:00:00,13.8827
"2278",2023-03-04 08:00:00,13.8965
"2279",2023-03-04 09:00:00,13.9363
"2280",2023-03-04 10:00:00,14.0291
"2281",2023-03-04 11:00:00,14.1242
"2282",2023-03-04 12:00:00,14.2323
"2283",2023-03-04 13:00:00,14.2323
"2284",2023-03-04 14:00:00,14.2603
"2285",2023-03-04 15:00:00,14.273
"2286",2023-03-04 16:00:00,14.2111
"2287",2023-03-04 17:00:00,14.2168
"2288",2023-03-04 18:00:00,14.1565
"2289",2023-03-04 19:00:00,14.1233
"2290",2023-03-04 20:00:00,14.0681
"2291",2023-03-04 21:00:00,14.1464
"2292",2023-03-04 22:00:00,14.1325
"2293",2023-03-04 23:00:00,14.1096
"2294",2023-03-05 00:00:00,14.0818
"2295",2023-03-05 01:00:00,14.056
"2296",2023-03-05 02:00:00,14.0362
"2297",2023-03-05 03:00:00,13.9992
"2298",2023-03-05 04:00:00,13.9531
"2299",2023-03-05 05:00:00,13.9151
"2300",2023-03-05 06:00:00,13.8996
"2301",2023-03-05 07:00:00,13.8863
"2302",2023-03-05 08:00:00,13.8985
"2303",2023-03-05 09:00:00,13.9751
"2304",2023-03-05 10:00:00,14.0614
"2305",2023-03-05 11:00:00,14.1056
"2306",2023-03-05 12:00:00,14.1671
"2307",2023-03-05 13:00:00,14.0785
"2308",2023-03-05 14:00:00,14.1081
"2309",2023-03-05 15:00:00,14.1895
"2310",2023-03-05 16:00:00,14.1677
"2311",2023-03-05 17:00:00,14.1354
"2312",2023-03-05 18:00:00,14.0903
"2313",2023-03-05 19:00:00,14.0838
"2314",2023-03-05 20:00:00,14.0591
"2315",2023-03-05 21:00:00,14.067
"2316",2023-03-05 22:00:00,14.0621
"2317",2023-03-05 23:00:00,14.0484
"2318",2023-03-06 00:00:00,14.0315
"2319",2023-03-06 01:00:00,14.0068
"2320",2023-03-06 02:00:00,13.978
"2321",2023-03-06 03:00:00,13.9643
"2322",2023-03-06 04:00:00,13.95
"2323",2023-03-06 05:00:00,13.9695
"2324",2023-03-06 06:00:00,13.9699
"2325",2023-03-06 07:00:00,13.9531
"2326",2023-03-06 08:00:00,13.9401
"2327",2023-03-06 09:00:00,13.9573
"2328",2023-03-06 10:00:00,14.0129
"2329",2023-03-06 11:00:00,14.021
"2330",2023-03-06 12:00:00,14.1304
"2331",2023-03-06 13:00:00,14.0264
"2332",2023-03-06 14:00:00,14.0645
"2333",2023-03-06 15:00:00,14.0691
"2334",2023-03-06 16:00:00,14.0782
"2335",2023-03-06 17:00:00,14.0722
"2336",2023-03-06 18:00:00,14.0319
"2337",2023-03-06 19:00:00,14.0051
"2338",2023-03-06 20:00:00,13.9826
"2339",2023-03-06 21:00:00,14.0023
"2340",2023-03-06 22:00:00,13.9785
"2341",2023-03-06 23:00:00,13.9345
"2342",2023-03-07 00:00:00,13.9208
"2343",2023-03-07 01:00:00,13.8989
"2344",2023-03-07 02:00:00,13.8884
"2345",2023-03-07 03:00:00,13.894
"2346",2023-03-07 04:00:00,13.8722
"2347",2023-03-07 05:00:00,13.8666
"2348",2023-03-07 06:00:00,13.8533
"2349",2023-03-07 07:00:00,13.87
"2350",2023-03-07 08:00:00,13.8637
"2351",2023-03-07 09:00:00,13.8796
"2352",2023-03-07 10:00:00,13.9021
"2353",2023-03-07 11:00:00,13.9531
"2354",2023-03-07 12:00:00,13.9612
"2355",2023-03-07 13:00:00,13.9871
"2356",2023-03-07 14:00:00,13.9608
"2357",2023-03-07 15:00:00,13.9551
"2358",2023-03-07 16:00:00,13.9282
"2359",2023-03-07 17:00:00,13.9061
"2360",2023-03-07 18:00:00,13.8928
"2361",2023-03-07 19:00:00,13.8832
"2362",2023-03-07 20:00:00,13.8796
"2363",2023-03-07 21:00:00,13.8816
"2364",2023-03-07 22:00:00,13.8852
"2365",2023-03-07 23:00:00,13.8736
"2366",2023-03-08 00:00:00,13.8578
"2367",2023-03-08 01:00:00,13.8609
"2368",2023-03-08 02:00:00,13.8634
"2369",2023-03-08 03:00:00,13.8539
"2370",2023-03-08 04:00:00,13.8686
"2371",2023-03-08 05:00:00,13.858
"2372",2023-03-08 06:00:00,13.8517
"2373",2023-03-08 07:00:00,13.8477
"2374",2023-03-08 08:00:00,13.8524
"2375",2023-03-08 09:00:00,13.8666
"2376",2023-03-08 10:00:00,13.9208
"2377",2023-03-08 11:00:00,13.9713
"2378",2023-03-08 12:00:00,14.0326
"2379",2023-03-08 13:00:00,13.9947
"2380",2023-03-08 14:00:00,13.9262
"2381",2023-03-08 15:00:00,13.934
"2382",2023-03-08 16:00:00,13.9446
"2383",2023-03-08 17:00:00,13.945
"2384",2023-03-08 18:00:00,13.9273
"2385",2023-03-08 19:00:00,13.9183
"2386",2023-03-08 20:00:00,13.9039
"2387",2023-03-08 21:00:00,13.8933
"2388",2023-03-08 22:00:00,13.8958
"2389",2023-03-08 23:00:00,13.8933
"2390",2023-03-09 00:00:00,13.8848
"2391",2023-03-09 01:00:00,13.8771
"2392",2023-03-09 02:00:00,13.8715
"2393",2023-03-09 03:00:00,13.8821
"2394",2023-03-09 04:00:00,13.8848
"2395",2023-03-09 05:00:00,13.888
"2396",2023-03-09 06:00:00,13.8859
"2397",2023-03-09 07:00:00,13.8829
"2398",2023-03-09 08:00:00,13.8927
"2399",2023-03-09 09:00:00,13.9503
"2400",2023-03-09 10:00:00,13.9821
"2401",2023-03-09 11:00:00,14.1323
"2402",2023-03-09 12:00:00,14.1637
"2403",2023-03-09 13:00:00,14.1593
"2404",2023-03-09 14:00:00,14.1597
"2405",2023-03-09 15:00:00,14.067
"2406",2023-03-09 16:00:00,13.9855
"2407",2023-03-09 17:00:00,14.0104
"2408",2023-03-09 18:00:00,13.9936
"2409",2023-03-09 19:00:00,13.9678
"2410",2023-03-09 20:00:00,13.9401
"2411",2023-03-09 21:00:00,13.9075
"2412",2023-03-09 22:00:00,13.9369
"2413",2023-03-09 23:00:00,13.9264
"2414",2023-03-10 00:00:00,13.9141
"2415",2023-03-10 01:00:00,13.9041
"2416",2023-03-10 02:00:00,13.9064
"2417",2023-03-10 03:00:00,13.9019
"2418",2023-03-10 04:00:00,13.8949
"2419",2023-03-10 05:00:00,13.8908
"2420",2023-03-10 06:00:00,13.8827
"2421",2023-03-10 07:00:00,13.8711
"2422",2023-03-10 08:00:00,13.8778
"2423",2023-03-10 09:00:00,13.8908
"2424",2023-03-10 10:00:00,13.9178
"2425",2023-03-10 11:00:00,13.9046
"2426",2023-03-10 12:00:00,13.896
"2427",2023-03-10 13:00:00,13.9038
"2428",2023-03-10 14:00:00,13.8991
"2429",2023-03-10 15:00:00,13.8807
"2430",2023-03-10 16:00:00,13.9457
"2431",2023-03-10 17:00:00,13.9816
"2432",2023-03-10 18:00:00,13.9531
"2433",2023-03-10 19:00:00,13.8989
"2434",2023-03-10 20:00:00,13.8771
"2435",2023-03-10 21:00:00,13.865
"2436",2023-03-10 22:00:00,13.8421
"2437",2023-03-10 23:00:00,13.8092
"2438",2023-03-11 00:00:00,13.8022
"2439",2023-03-11 01:00:00,13.7902
"2440",2023-03-11 02:00:00,13.8335
"2441",2023-03-11 03:00:00,13.8447
"2442",2023-03-11 04:00:00,13.8483
"2443",2023-03-11 05:00:00,13.8366
"2444",2023-03-11 06:00:00,13.8285
"2445",2023-03-11 07:00:00,13.8184
"2446",2023-03-11 08:00:00,13.8067
"2447",2023-03-11 09:00:00,13.8026
"2448",2023-03-11 10:00:00,13.8227
"2449",2023-03-11 11:00:00,13.9021
"2450",2023-03-11 12:00:00,13.9732
"2451",2023-03-11 13:00:00,14.0378
"2452",2023-03-11 14:00:00,13.9239
"2453",2023-03-11 15:00:00,14.0411
"2454",2023-03-11 16:00:00,13.9612
"2455",2023-03-11 17:00:00,13.8686
"2456",2023-03-11 18:00:00,13.8935
"2457",2023-03-11 19:00:00,13.9044
"2458",2023-03-11 20:00:00,13.9506
"2459",2023-03-11 21:00:00,13.9131
"2460",2023-03-11 22:00:00,13.9178
"2461",2023-03-11 23:00:00,13.9309
"2462",2023-03-12 00:00:00,13.9288
"2463",2023-03-12 01:00:00,13.9288
"2464",2023-03-12 02:00:00,13.913
"2465",2023-03-12 03:00:00,13.9127
"2466",2023-03-12 04:00:00,13.9183
"2467",2023-03-12 05:00:00,13.9153
"2468",2023-03-12 06:00:00,13.9106
"2469",2023-03-12 07:00:00,13.9016
"2470",2023-03-12 08:00:00,13.9183
"2471",2023-03-12 09:00:00,13.9917
"2472",2023-03-12 10:00:00,14.2097
"2473",2023-03-12 11:00:00,14.1698
"2474",2023-03-12 12:00:00,14.1516
"2475",2023-03-12 13:00:00,14.2249
"2476",2023-03-12 14:00:00,14.6961
"2477",2023-03-12 15:00:00,14.2139
"2478",2023-03-12 16:00:00,14.3304
"2479",2023-03-12 17:00:00,14.237
"2480",2023-03-12 18:00:00,14.1306
"2481",2023-03-12 19:00:00,14.0798
"2482",2023-03-12 20:00:00,14.0418
"2483",2023-03-12 21:00:00,14.0286
"2484",2023-03-12 22:00:00,14.289
"2485",2023-03-12 23:00:00,14.2572
"2486",2023-03-13 00:00:00,14.1752
"2487",2023-03-13 01:00:00,14.1541
"2488",2023-03-13 02:00:00,14.2435
"2489",2023-03-13 03:00:00,14.2511
"2490",2023-03-13 04:00:00,14.1763
"2491",2023-03-13 05:00:00,14.1081
"2492",2023-03-13 06:00:00,14.0621
"2493",2023-03-13 07:00:00,14.0432
"2494",2023-03-13 08:00:00,14.0448
"2495",2023-03-13 09:00:00,14.0296
"2496",2023-03-13 10:00:00,14.0434
"2497",2023-03-13 11:00:00,14.3034
"2498",2023-03-13 12:00:00,14.1783
"2499",2023-03-13 13:00:00,14.246
"2500",2023-03-13 14:00:00,14.4403
"2501",2023-03-13 15:00:00,14.471
"2502",2023-03-13 16:00:00,14.5108
"2503",2023-03-13 17:00:00,14.4143
"2504",2023-03-13 18:00:00,14.6523
"2505",2023-03-13 19:00:00,14.6408
"2506",2023-03-13 20:00:00,14.652
"2507",2023-03-13 21:00:00,14.6289
"2508",2023-03-13 22:00:00,14.6139
"2509",2023-03-13 23:00:00,14.6486
"2510",2023-03-14 00:00:00,14.6781
"2511",2023-03-14 01:00:00,14.6551
"2512",2023-03-14 02:00:00,14.6439
"2513",2023-03-14 03:00:00,14.5821
"2514",2023-03-14 04:00:00,14.5985
"2515",2023-03-14 05:00:00,14.5492
"2516",2023-03-14 06:00:00,14.46
"2517",2023-03-14 07:00:00,14.4171
"2518",2023-03-14 08:00:00,14.4575
"2519",2023-03-14 09:00:00,14.4687
"2520",2023-03-14 10:00:00,14.4569
"2521",2023-03-14 11:00:00,14.4873
"2522",2023-03-14 12:00:00,14.4682
"2523",2023-03-14 13:00:00,14.4748
"2524",2023-03-14 14:00:00,14.4817
"2525",2023-03-14 15:00:00,14.5043
"2526",2023-03-14 16:00:00,14.4873
"2527",2023-03-14 17:00:00,14.4092
"2528",2023-03-14 18:00:00,14.287
"2529",2023-03-14 19:00:00,14.2242
"2530",2023-03-14 20:00:00,14.1991
"2531",2023-03-14 21:00:00,14.1754
"2532",2023-03-14 22:00:00,14.1165
"2533",2023-03-14 23:00:00,14.0431
"2534",2023-03-15 00:00:00,14.016
"2535",2023-03-15 01:00:00,13.978
"2536",2023-03-15 02:00:00,13.9371
"2537",2023-03-15 03:00:00,13.9405
"2538",2023-03-15 04:00:00,13.9365
"2539",2023-03-15 05:00:00,13.9861
"2540",2023-03-15 06:00:00,13.9917
"2541",2023-03-15 07:00:00,13.9936
"2542",2023-03-15 08:00:00,14.0104
"2543",2023-03-15 09:00:00,14.0858
"2544",2023-03-15 10:00:00,14.1354
"2545",2023-03-15 11:00:00,14.1845
"2546",2023-03-15 12:00:00,14.1732
"2547",2023-03-15 13:00:00,14.1182
"2548",2023-03-15 14:00:00,14.0782
"2549",2023-03-15 15:00:00,14.1298
"2550",2023-03-15 16:00:00,14.2501
"2551",2023-03-15 17:00:00,14.1217
"2552",2023-03-15 18:00:00,14.1
"2553",2023-03-15 19:00:00,14.1384
"2554",2023-03-15 20:00:00,14.1702
"2555",2023-03-15 21:00:00,14.1758
"2556",2023-03-15 22:00:00,14.1653
"2557",2023-03-15 23:00:00,14.146
"2558",2023-03-16 00:00:00,14.1455
"2559",2023-03-16 01:00:00,14.1374
"2560",2023-03-16 02:00:00,14.1354
"2561",2023-03-16 03:00:00,14.1323
"2562",2023-03-16 04:00:00,14.1163
"2563",2023-03-16 05:00:00,14.1081
"2564",2023-03-16 06:00:00,14.0746
"2565",2023-03-16 07:00:00,14.054
"2566",2023-03-16 08:00:00,14.051
"2567",2023-03-16 09:00:00,14.0717
"2568",2023-03-16 10:00:00,14.1572
"2569",2023-03-16 11:00:00,14.6278
"2570",2023-03-16 12:00:00,14.7783
"2571",2023-03-16 13:00:00,14.7038
"2572",2023-03-16 14:00:00,14.5628
"2573",2023-03-16 15:00:00,14.3996
"2574",2023-03-16 16:00:00,13.9619
"2575",2023-03-16 17:00:00,14.3141
"2576",2023-03-16 18:00:00,14.8565
"2577",2023-03-16 19:00:00,15.3458
"2578",2023-03-16 20:00:00,15.7411
"2579",2023-03-16 21:00:00,16.0634
"2580",2023-03-16 22:00:00,16.3262
"2581",2023-03-16 23:00:00,16.5371
"2582",2023-03-17 00:00:00,16.7077
"2583",2023-03-17 01:00:00,16.8408
"2584",2023-03-17 02:00:00,16.9468
"2585",2023-03-17 03:00:00,17.0354
"2586",2023-03-17 04:00:00,17.0953
"2587",2023-03-17 05:00:00,17.14
"2588",2023-03-17 06:00:00,17.1722
"2589",2023-03-17 07:00:00,17.1963
"2590",2023-03-17 08:00:00,17.2301
"2591",2023-03-17 09:00:00,17.3124
"2592",2023-03-17 10:00:00,17.3838
